"PlayerName","playerid","Throws","predicted_BABIP"
"AJ Minter","18655","L",0.273
"AJ Puk","19343","L",0.275
"AJ SmithShawver","29960","R",0.295
"Aaron Ashby","23550","L",0.296
"Aaron Brooks","12272","R",0.349
"Aaron Bummer","16258","L",0.329
"Aaron Civale","19479","R",0.293
"Aaron Nola","16149","R",0.299
"Abner Uribe","25327","R",0.297
"Adam Cimber","15288","R",0.275
"Adam Kloffenstein","24493","R",0.301
"Adam Mazur","31900","R",0.258
"Adam Oller","20132","R",0.296
"Adam Ottavino","1247","R",0.337
"Adbert Alzolay","17859","R",0.27
"Adrian Houser","12718","R",0.319
"Adrian Morejon","20039","L",0.31
"Alan Busenitz","15239","R",0.276
"Albert Suarez","6175","R",0.288
"Alec Marsh","27451","R",0.293
"Alek Jacob","29628","R",0.27
"Alek Manoah","26410","R",0.296
"Alex Cobb","6562","R",0.325
"Alex Faedo","19874","R",0.289
"Alex Lange","19883","R",0.316
"Alex Speas","21859","R",0.23
"Alex Vesia","25007","L",0.297
"Alex Wood","13781","L",0.305
"Alex Young","18333","L",0.339
"Alexis Diaz","21132","R",0.217
"Allan Winans","21238","R",0.285
"Amir Garrett","14375","L",0.267
"Amos Willingham","26128","R",0.268
"Andre Pallante","26108","R",0.311
"Andrew Abbott","29911","L",0.296
"Andrew Chafin","12988","L",0.303
"Andrew Heaney","15423","L",0.303
"Andrew Kittredge","12828","R",0.302
"Andrew Nardi","25942","L",0.255
"Andrew Saalfrank","26203","L",0.292
"Andrew Walters","33834","R",0.274
"Andrew Wantz","24933","R",0.279
"Andres Munoz","20373","R",0.287
"Angel Chivilli","26790","R",0.278
"Angel Zerpa","22717","L",0.33
"Anthony Banda","14706","L",0.287
"Anthony Bender","19742","R",0.296
"Anthony Gose","5097","L",0.292
"Anthony Maldonado","26034","R",0.278
"Anthony Misiewicz","18152","L",0.366
"Anthony Molina","26952","R",0.312
"Anthony Veneziano","27453","L",0.291
"Antonio Senzatela","15488","R",0.312
"Aroldis Chapman","10233","L",0.294
"Austin Adams","13801","R",0.296
"Austin Davis","17117","L",0.294
"Austin Gomber","16561","L",0.31
"Austin Kitchen","27910","L",0.301
"Austin Pruitt","15290","R",0.31
"Austin Voth","15047","R",0.302
"Austin Warren","24937","R",0.271
"Bailey Falter","20070","L",0.302
"Bailey Horn","27753","L",0.296
"Bailey Ober","21224","R",0.268
"Beau Brieske","26079","R",0.256
"Ben Brown","23590","R",0.339
"Ben Casparius","30085","R",0.309
"Ben Heller","15100","R",0.342
"Ben Joyce","31461","R",0.289
"Ben Lively","14932","R",0.288
"Blake Snell","13543","L",0.275
"Blake Treinen","12572","R",0.307
"Blake Walston","26270","L",0.254
"Bobby Miller","27483","R",0.276
"Bowden Francis","20548","R",0.271
"Brad Keller","15734","R",0.3
"Bradley Blalock","26419","R",0.305
"Brady Basso","25582","L",0.294
"Brady Feigl","15968","L",0.377
"Brady Singer","25377","R",0.31
"Brandon Bielak","19866","R",0.354
"Brandon Eisert","27668","L",0.35
"Brandon Hughes","23460","L",0.288
"Brandon Leibrandt","16135","L",0.314
"Brandon Pfaadt","27782","R",0.278
"Brandon Williamson","25463","L",0.313
"Brant Hurter","30133","L",0.255
"Braxton Garrett","21844","L",0.31
"Brayan Bello","23920","R",0.324
"Brenan Hanifee","22304","R",0.312
"Brendon Little","21574","L",0.317
"Brennan Bernardino","16835","L",0.304
"Brent Headrick","27702","L",0.293
"Brent Honeywell","16466","R",0.339
"Brent Suter","13942","L",0.273
"Brett de Geus","23592","R",0.318
"Brock Burke","17968","L",0.278
"Brock Stewart","16727","R",0.292
"Brooks Raley","10061","L",0.329
"Brusdar Graterol","20367","R",0.296
"Bryan Abreu","16609","R",0.268
"Bryan Baker","19804","R",0.281
"Bryan Hoeing","26304","R",0.337
"Bryan Hudson","19924","L",0.3
"Bryan King","25890","L",0.296
"Bryan Sammons","20462","L",0.274
"Bryan Shaw","8110","R",0.325
"Bryan Woo","30279","R",0.301
"Bryce Elder","27779","R",0.32
"Bryce Jarvis","27477","R",0.327
"Bryce Miller","29837","R",0.29
"Bryse Wilson","19990","R",0.289
"Buck Farmer","14814","R",0.276
"Burch Smith","12784","R",0.296
"Cade Povich","30055","L",0.27
"Cade Smith","27867","R",0.256
"Caden Dana","31508","R",0.327
"Cal Quantrill","19312","R",0.292
"Caleb Boushley","19736","R",0.303
"Caleb Ferguson","19349","L",0.369
"Caleb Kilian","26213","R",0.305
"Caleb Thielbar","10078","L",0.287
"Calvin Faucher","20116","R",0.324
"Cam Booser","16061","L",0.269
"Camilo Doval","21992","R",0.324
"Carlos Carrasco","6632","R",0.313
"Carlos Estevez","14542","R",0.26
"Carlos Hernandez","22713","R",0.282
"Carlos Rodriguez","30161","R",0.274
"Carlos Rodon","16137","L",0.293
"Carmen Mlodzinski","27572","R",0.272
"Carson Fulmer","18311","R",0.313
"Carson Spiers","27685","R",0.285
"Casey Kelly","9174","R",0.26
"Casey Legumina","25921","R",0.298
"Casey Mize","20492","R",0.26
"Chad Green","15552","R",0.281
"Chad Kuhl","14975","R",0.3
"Charlie Morton","4676","R",0.303
"Chase Anderson","6895","R",0.297
"Chase Shugart","21544","R",0.214
"Chase Silseth","30074","R",0.272
"Chasen Shreve","10855","L",0.407
"Chayce McDermott","29866","R",0.277
"Chris Bassitt","12304","R",0.294
"Chris Devenski","12763","R",0.295
"Chris Flexen","13896","R",0.293
"Chris Martin","11847","R",0.307
"Chris Paddack","20099","R",0.3
"Chris Roycroft","31261","R",0.285
"Chris Sale","10603","L",0.285
"Chris Stratton","13761","R",0.309
"Christian Scott","30107","R",0.271
"Cionel Perez","19614","L",0.316
"Clarke Schmidt","19899","R",0.304
"Clay Holmes","13649","R",0.299
"Clayton Beeter","27494","R",0.259
"Clayton Kershaw","2036","L",0.297
"Cody Bolton","23265","R",0.285
"Cody Bradford","27597","L",0.296
"Cody Poteet","18769","R",0.307
"Cole Irvin","19244","L",0.325
"Cole Ragans","21846","L",0.285
"Cole Sands","21461","R",0.316
"Cole Sulser","15256","R",0.254
"Cole Winn","22113","R",0.261
"Colin Holderman","22361","R",0.28
"Colin Poche","19403","L",0.276
"Colin Rea","12317","R",0.31
"Colin Selby","24986","R",0.283
"Collin Snider","23307","R",0.279
"Colten Brewer","12997","R",0.293
"Connor Brogdon","21205","R",0.276
"Connor Gillispie","26171","R",0.209
"Cooper Criswell","24975","R",0.261
"Corbin Burnes","19361","R",0.283
"Craig Kimbrel","6655","R",0.288
"Cristian Javier","17606","R",0.285
"Cristian Mena","27974","R",0.193
"Cristopher Sanchez","20778","L",0.328
"DJ Herz","26389","L",0.304
"DL Hall","22207","L",0.288
"Dakota Hudson","19206","R",0.328
"Dallas Keuchel","9434","L",0.307
"Dan Altavilla","16507","R",0.286
"Dane Dunning","19409","R",0.301
"Daniel Duarte","17480","R",0.26
"Daniel Hudson","7146","R",0.269
"Daniel Lynch IV","21537","L",0.285
"Daniel Palencia","27914","R",0.305
"Daniel Robert","21229","R",0.251
"Danny Coulombe","13293","L",0.293
"Danny Young","18439","L",0.26
"Dany Jimenez","21170","R",0.325
"Darius Vines","25928","R",0.301
"Darren McCaughan","20038","R",0.25
"Daulton Jefferies","19345","R",0.317
"David Bednar","19569","R",0.307
"David Buchanan","11176","R",0.336
"David Festa","30056","R",0.282
"David Peterson","20302","L",0.321
"David Robertson","8241","R",0.302
"Davis Daniel","27582","R",0.277
"Davis Martin","21448","R",0.274
"Daysbel Hernandez","20271","R",0.311
"Dean Kremer","19350","R",0.293
"Declan Cronin","25645","R",0.278
"Dedniel Nunez","23055","R",0.303
"Deivi Garcia","20276","R",0.281
"Dennis Santana","17878","R",0.273
"Derek Law","13133","R",0.252
"Devin Williams","15816","R",0.294
"Diego Castillo","17496","R",0.307
"Dillon Tate","17796","R",0.296
"Dinelson Lamet","17186","R",0.303
"Domingo German","17149","R",0.281
"Dominic Leone","13763","R",0.288
"Drew Rasmussen","25385","R",0.311
"Drew Smith","17755","R",0.3
"Drew Smyly","11760","L",0.322
"Drew Thorpe","31967","R",0.297
"Dylan Cease","18525","R",0.25
"Dylan Coleman","22276","R",0.272
"Dylan Dodd","29928","L",0.326
"Dylan Floro","13394","R",0.295
"Dylan Lee","19996","L",0.285
"Easton Lucas","26058","L",0.296
"Edgardo Henriquez","26944","R",0.263
"Eduard Bazardo","20997","R",0.26
"Eduardo Rodriguez","13164","L",0.28
"Eduardo Salazar","23135","R",0.303
"Edward Cabrera","21690","R",0.306
"Edwin Diaz","14710","R",0.333
"Edwin Uceta","20539","R",0.248
"Eli Morgan","20203","R",0.299
"Eli Villalobos","20408","R",0.27
"Elieser Hernandez","16933","R",0.24
"Elvis Peguero","21652","R",0.242
"Emerson Hancock","27470","R",0.266
"Emilio Pagan","14771","R",0.28
"Emmanuel Clase","21032","R",0.288
"Emmanuel Ramirez","17304","R",0.282
"Enoli Paredes","20447","R",0.251
"Enyel De Los Santos","18403","R",0.277
"Erasmo Ramirez","10314","R",0.25
"Eric Orze","27626","R",0.28
"Erick Fedde","17425","R",0.307
"Erik Miller","26252","L",0.301
"Erik Sabrowski","24978","L",0.267
"Erik Swanson","16587","R",0.282
"Ethan Roberts","24930","R",0.303
"Evan Phillips","17734","R",0.303
"Fernando Cruz","7048","R",0.349
"Forrest Whitley","19586","R",0.311
"Framber Valdez","17295","L",0.273
"Frankie Montas","14309","R",0.306
"Fraser Ellard","29530","L",0.309
"Freddy Peralta","18679","R",0.274
"Gabe Speier","17170","L",0.255
"Garrett Cleavinger","17897","L",0.306
"Garrett Crochet","27463","L",0.312
"Garrett Whitlock","20191","R",0.298
"Gavin Hollowell","25427","R",0.26
"Gavin Stone","27792","R",0.295
"Gavin Williams","30122","R",0.303
"Geoff Hartlieb","19558","R",0.271
"George Kirby","25436","R",0.286
"George Soriano","21863","R",0.289
"Gerardo Reyes","16306","R",0.28
"German Marquez","15038","R",0.315
"Gerrit Cole","13125","R",0.259
"Gerson Garabito","19835","R",0.259
"Giovanny Gallegos","14986","R",0.32
"Gordon Graceffo","29519","R",0.281
"Graham Ashcraft","27552","R",0.29
"Grant Anderson","20546","R",0.309
"Grant Hartwig","29946","R",0.265
"Grant Holman","30002","R",0.276
"Grant Holmes","16944","R",0.28
"Grayson Rodriguez","24492","R",0.305
"Greg Weissert","20375","R",0.311
"Gregory Santos","21894","R",0.297
"Gregory Soto","19677","L",0.297
"Griffin Canning","19867","R",0.314
"Griffin Jax","20253","R",0.312
"Guillo Zuniga","19588","R",0.31
"Gus Varland","24737","R",0.304
"Genesis Cabrera","17490","L",0.278
"Hans Crouse","22192","R",0.275
"Hayden Birdsong","31635","R",0.328
"Hayden Wesneski","27581","R",0.272
"Hoby Milner","13346","L",0.294
"Hogan Harris","21520","L",0.315
"Huascar Brazoban","6107","R",0.271
"Humberto Castellanos","21183","R",0.328
"Hunter Bigge","26259","R",0.266
"Hunter Brown","25880","R",0.307
"Hunter Gaddis","25636","R",0.305
"Hunter Greene","22182","R",0.317
"Hunter Harvey","15507","R",0.306
"Hunter Stratton","23455","R",0.274
"Hunter Strickland","7836","R",0.25
"Hurston Waldrep","33527","R",0.303
"Hector Neris","11804","R",0.269
"Ian Gibaut","17871","R",0.28
"Ian Hamilton","19261","R",0.294
"Isaac Mattson","20385","R",0.271
"Isaiah Campbell","25551","R",0.309
"JB Bukauskas","20491","R",0.29
"JP Feyereisen","16610","R",0.297
"JP France","21212","R",0.277
"JT Ginn","27889","R",0.307
"JP Sears","23429","L",0.286
"JT Chargois","13767","R",0.339
"Jack Flaherty","17479","R",0.269
"Jack Kochanowicz","27688","R",0.32
"Jack Leiter","30146","R",0.262
"Jack Neely","30106","R",0.315
"Jack O'Loughlin","22690","L",0.322
"Jackson Jobe","30203","R",0.298
"Jackson Rutledge","26215","R",0.285
"Jackson Stephens","14420","R",0.241
"Jacob Barnes","12323","R",0.306
"Jacob Latz","21306","L",0.285
"Jacob Lopez","25098","L",0.283
"Jacob Waguespack","18318","R",0.301
"Jacob Webb","19274","R",0.29
"Jacob deGrom","10954","R",0.29
"Jaden Hill","30250","R",0.335
"Jairo Iriarte","26907","R",0.336
"Jake Bird","21267","R",0.298
"Jake Bloss","33168","R",0.268
"Jake Cousins","21620","R",0.255
"Jake Diekman","5003","L",0.327
"Jake Eder","27590","L",0.379
"Jake Irvin","21504","R",0.271
"Jake Woodford","18674","R",0.29
"Jakob Junis","13619","R",0.288
"Jalen Beeks","17192","L",0.297
"James McArthur","21527","R",0.294
"James Meeker","29891","R",0.355
"James Paxton","11828","L",0.33
"Jameson Taillon","11674","R",0.274
"Janson Junk","23301","R",0.324
"Jared Jones","27863","R",0.287
"Jared Koenig","27517","L",0.29
"Jared Shuster","27472","L",0.283
"Jason Adam","11861","R",0.299
"Jason Foley","19531","R",0.27
"Javier Assad","21741","R",0.293
"Jay Jackson","7432","R",0.289
"Jeff Criswell","27608","R",0.284
"Jeff Hoffman","17432","R",0.271
"Jeffrey Springs","17677","L",0.276
"Jeremiah Estrada","22210","R",0.286
"Jesse Chavez","5448","R",0.287
"Jesus Tinoco","16300","R",0.325
"Jesus Luzardo","19959","L",0.283
"Jhoan Duran","21029","R",0.284
"Jhonathan Diaz","20298","L",0.31
"Jhony Brito","25386","R",0.278
"Jimmy Herget","17556","R",0.324
"JoJo Romero","19574","L",0.318
"Joan Adon","22925","R",0.339
"Joe Boyle","29608","R",0.31
"Joe Jacques","25178","L",0.285
"Joe Jimenez","15761","R",0.274
"Joe Kelly","9761","R",0.303
"Joe La Sorsa","25481","L",0.279
"Joe Mantiply","14857","L",0.291
"Joe Musgrove","12970","R",0.289
"Joe Ross","12972","R",0.277
"Joe Ryan","21390","R",0.299
"Joel Kuhnel","19995","R",0.295
"Joel Payamps","14332","R",0.252
"Joely Rodriguez","11487","L",0.296
"Joey Cantillo","23335","L",0.302
"Joey Estes","26257","R",0.274
"Joey Lucchesi","19320","L",0.405
"Joey Wentz","19962","L",0.28
"John Brebbia","12777","R",0.255
"John Curtiss","16128","R",0.313
"John King","22051","L",0.283
"John McMillon","27942","R",0.237
"John Means","16269","L",0.253
"John Schreiber","20020","R",0.293
"Johnny Cueto","6893","R",0.334
"Jon Gray","14916","R",0.312
"Jonathan Bermudez","21241","L",0.325
"Jonathan Bowlan","24607","R",0.243
"Jonathan Cannon","31730","R",0.298
"Jonathan Heasley","22224","R",0.256
"Jonathan Hernandez","17464","R",0.278
"Jonathan Loaisiga","19753","R",0.274
"Jordan Hicks","19618","R",0.31
"Jordan Leasure","29950","R",0.275
"Jordan Lyles","7593","R",0.303
"Jordan Montgomery","16511","L",0.311
"Jordan Romano","16122","R",0.303
"Jordan Weems","13190","R",0.317
"Jordan Wicks","30094","L",0.294
"Jorge Alcala","19459","R",0.264
"Jorge Lopez","14527","R",0.289
"Jose A Ferrer","24017","L",0.304
"Jose Cuas","17701","R",0.259
"Jose E Hernandez","22318","L",0.297
"Jose Quintana","11423","L",0.318
"Josh Fleming","20418","L",0.308
"Josh Hader","14212","L",0.247
"Josh Maciejewski","21310","L",0.265
"Josh Rogers","18510","L",0.277
"Josh Sborz","18323","R",0.301
"Josh Staumont","18335","R",0.282
"Josh Walker","23617","L",0.306
"Josh Winckowski","22387","R",0.337
"Josh Winder","24606","R",0.259
"Josiah Gray","24580","R",0.244
"Jose Alvarado","17780","L",0.295
"Jose Berrios","14168","R",0.294
"Jose Butto","23313","R",0.298
"Jose Cisnero","6399","R",0.309
"Jose Leclerc","14524","R",0.265
"Jose Marte","21761","R",0.308
"Jose Quijada","19200","L",0.272
"Jose Ruiz","14552","R",0.279
"Jose Soriano","22100","R",0.317
"Jose Suarez","19911","L",0.27
"Jose Urena","11589","R",0.277
"Julian Aguiar","30031","R",0.223
"Julian Merryweather","16703","R",0.345
"Julio Teheran","6797","R",0.281
"Justin Anderson","16201","R",0.285
"Justin Bruihl","23779","L",0.312
"Justin Lawrence","17639","R",0.285
"Justin Martinez","24453","R",0.314
"Justin Slaten","25648","R",0.251
"Justin Steele","17312","L",0.3
"Justin Sterner","27694","R",0.274
"Justin Topa","15145","R",0.268
"Justin Verlander","8700","R",0.274
"Justin Wilson","4301","L",0.249
"Justin Wrobleski","31204","L",0.27
"KaiWei Teng","24282","R",0.318
"Kaleb Ort","20061","R",0.26
"Keaton Winn","23499","R",0.316
"Keegan Akin","19362","L",0.262
"Keegan Thompson","19795","R",0.313
"Keider Montero","22630","R",0.288
"Kenley Jansen","3096","R",0.298
"Kenny Rosenberg","20009","L",0.313
"Kent Emanuel","15849","L",0.296
"Kenta Maeda","18498","R",0.311
"Kevin Gausman","14107","R",0.284
"Kevin Ginkel","19876","R",0.302
"Kevin Herget","15369","R",0.314
"Kevin Kelly","25679","R",0.288
"Kirby Snead","19179","L",0.298
"Kirby Yates","9073","R",0.299
"Kodai Senga","31838","R",0.275
"Kody Funderburk","24993","L",0.308
"Kolby Allard","18694","L",0.36
"Kris Bubic","21455","L",0.282
"Kumar Rocker","31843","R",0.303
"Kutter Crawford","20531","R",0.26
"Ky Bush","29823","L",0.249
"Kyle Bradish","24586","R",0.28
"Kyle Finnegan","15009","R",0.309
"Kyle Freeland","16256","L",0.333
"Kyle Gibson","10123","R",0.335
"Kyle Harrison","27758","L",0.29
"Kyle Hendricks","12049","R",0.318
"Kyle Hurt","27514","R",0.29
"Kyle Leahy","24763","R",0.273
"Kyle Muller","20167","L",0.297
"Kyle Nelson","20515","L",0.282
"Kyle Nicolas","27775","R",0.315
"Kyle Tyler","22092","R",0.331
"Lake Bachar","19222","R",0.311
"Lance Lynn","2520","R",0.291
"Landen Roupp","30076","R",0.318
"Landon Knack","27487","R",0.251
"Logan Allen","18555","L",0.284
"Logan Allen","27589","L",0.301
"Logan Gilbert","22250","R",0.278
"Logan Gillaspie","22461","R",0.296
"Logan Webb","17995","R",0.265
"Lucas Erceg","19360","R",0.336
"Lucas Gilbreath","21290","L",0.346
"Lucas Sims","13470","R",0.292
"Luis Castillo","15689","R",0.279
"Luis Contreras","25839","R",0.274
"Luis Frias","21997","R",0.317
"Luis Garcia","6984","R",0.304
"Luis Gil","21052","R",0.256
"Luis Guerrero","31184","R",0.299
"Luis L Ortiz","27646","R",0.273
"Luis Medina","21649","R",0.284
"Luis Peralta","24203","L",0.32
"Luis Severino","15890","R",0.277
"Luke Jackson","11752","R",0.299
"Luke Little","28036","L",0.25
"Luke Weaver","16918","R",0.27
"MacKenzie Gore","22201","L",0.317
"Manuel Rodriguez","20794","R",0.305
"Marc Church","26353","R",0.351
"Marco Gonzales","15467","L",0.312
"Marcus Stroman","13431","R",0.271
"Mark Leiter Jr","15551","R",0.299
"Martin Perez","6902","L",0.275
"Mason Black","30171","R",0.284
"Mason Englert","22288","R",0.306
"Mason Miller","31757","R",0.289
"Mason Montgomery","29770","L",0.278
"Matt Andriese","12022","R",0.291
"Matt Barnes","12863","R",0.261
"Matt Bowman","13528","R",0.287
"Matt Carasiti","13276","R",0.345
"Matt Festa","19330","R",0.25
"Matt Foster","19647","R",0.328
"Matt Krook","19315","L",0.332
"Matt Manning","20369","R",0.269
"Matt Moore","1890","L",0.287
"Matt Sauer","22284","R",0.32
"Matt Strahm","13799","L",0.241
"Matt Waldron","25550","R",0.286
"Matthew Boyd","15440","L",0.299
"Matthew Liberatore","22294","L",0.294
"Max Fried","13743","L",0.288
"Max Lazar","23426","R",0.236
"Max Meyer","27474","R",0.267
"Max Scherzer","3137","R",0.289
"Merrill Kelly","11156","R",0.287
"Michael Grove","23221","R",0.271
"Michael Kelly","12791","R",0.279
"Michael King","19853","R",0.282
"Michael Kopech","17282","R",0.262
"Michael Lorenzen","14843","R",0.337
"Michael McGreevy","29869","R",0.313
"Michael Mercado","23223","R",0.28
"Michael Petersen","20827","R",0.249
"Michael Soroka","18383","R",0.288
"Michael Tonkin","10315","R",0.283
"Michael Wacha","14078","R",0.304
"Michel Otanez","22533","R",0.286
"Miguel Castro","15684","R",0.29
"Miguel Diaz","18815","R",0.345
"Mike Baumann","20206","R",0.344
"Mike Burrows","24728","R",0.332
"Mike Clevinger","12808","R",0.274
"Miles Mikolas","9803","R",0.282
"Mitch Keller","17594","R",0.292
"Mitch Spence","27707","R",0.288
"Mitch White","19225","R",0.309
"Mitchell Parker","27636","L",0.289
"Nabil Crismatt","17732","R",0.278
"Naoyuki Uwasawa","33828","R",0.246
"Nate Pearson","20160","R",0.301
"Nathan Eovaldi","9132","R",0.281
"Nestor Cortes","17874","L",0.256
"Nick Anderson","18337","R",0.368
"Nick Avila","25667","R",0.279
"Nick Burdi","16074","R",0.317
"Nick Hernandez","19281","R",0.275
"Nick Lodolo","26378","L",0.306
"Nick Martinez","12730","R",0.299
"Nick Mears","25376","R",0.318
"Nick Nastrini","29833","R",0.271
"Nick Nelson","20153","R",0.294
"Nick Pivetta","15454","R",0.27
"Nick Ramirez","12575","L",0.367
"Nick Robertson","26226","R",0.27
"Nick Sandlin","20517","R",0.288
"Nick Vespi","21093","L",0.317
"Noah Davis","25862","R",0.304
"Orion Kerkering","31776","R",0.304
"Orlando Ribalta","26247","R",0.259
"Osvaldo Bido","23150","R",0.264
"Owen White","22273","R",0.342
"Pablo Lopez","17085","R",0.265
"Paolo Espino","8246","R",0.342
"Parker Dunshee","20018","R",0.184
"Parker Mushinski","21324","L",0.341
"Patrick Corbin","9323","L",0.292
"Patrick Sandoval","19447","L",0.303
"Paul Blackburn","14739","R",0.269
"Paul Sewald","13892","R",0.221
"Paul Skenes","33677","R",0.267
"Pedro Avila","18864","R",0.337
"Pete Fairbanks","17998","R",0.318
"Peter Lambert","17969","R",0.28
"Peter Strzelecki","21367","R",0.305
"Phil Bickford","18519","R",0.238
"Phil Maton","18064","R",0.307
"Pierce Johnson","13435","R",0.313
"Porter Hodge","26413","R",0.299
"Prelander Berroa","22932","R",0.266
"Quinn Priester","25977","R",0.307
"Rafael Montero","12760","R",0.305
"Raisel Iglesias","17130","R",0.267
"Randy Dobnak","23798","R",0.334
"Randy Rodriguez","23974","R",0.263
"Randy Vasquez","24719","R",0.289
"Ranger Suarez","17277","L",0.288
"Ray Kerr","23809","L",0.279
"Raymond Burgos","22370","L",0.252
"Reed Garrett","16866","R",0.259
"Reese Olson","24968","R",0.314
"Reid Detmers","27468","L",0.315
"Reynaldo Lopez","16400","R",0.299
"Rhett Lowder","33876","R",0.31
"Ricardo Pinto","16318","R",0.306
"Rich Hill","4806","L",0.394
"Richard Fitts","30160","R",0.307
"Richard Lovelady","19337","L",0.308
"Ricky Vanasco","23391","R",0.311
"Riley O'Brien","20348","R",0.358
"Riley Pint","21858","R",0.21
"River Ryan","29514","R",0.293
"Roansy Contreras","22810","R",0.241
"Rob Zastryzny","15094","L",0.304
"Robbie Ray","11486","L",0.292
"Robert Garcia","23363","L",0.309
"Robert Gasser","29812","L",0.297
"Robert Suarez","30115","R",0.314
"Roddery Munoz","25311","R",0.288
"Ron Marinaccio","23488","R",0.296
"Ronel Blanco","19407","R",0.27
"Ronny Henriquez","24094","R",0.293
"Ross Stripling","13273","R",0.252
"Ryan Borucki","16350","L",0.322
"Ryan Brasier","5615","R",0.273
"Ryan Burr","17536","R",0.297
"Ryan Feltner","21446","R",0.277
"Ryan Fernandez","24862","R",0.277
"Ryan Helsley","18138","R",0.288
"Ryan Loutos","29521","R",0.286
"Ryan Miller","22187","R",0.309
"Ryan Pepiot","26221","R",0.259
"Ryan Pressly","7005","R",0.264
"Ryan Thompson","16647","R",0.304
"Ryan Walker","20423","R",0.275
"Ryan Weathers","23796","L",0.274
"Ryan Yarbrough","16502","L",0.262
"Ryan Zeferjahn","25420","R",0.312
"Ryder Ryan","19891","R",0.278
"Ryne Nelson","26253","R",0.313
"Ryne Stanek","15947","R",0.276
"Sam Aldegheri","26443","L",0.314
"Sam Hentges","18548","L",0.313
"Sam Long","25379","L",0.277
"Sam Moll","14874","L",0.318
"Sammy Peralta","25589","L",0.315
"Scott Alexander","10591","L",0.33
"Scott Barlow","14993","R",0.292
"Scott Blewett","16427","R",0.298
"Scott Effross","18384","R",0.309
"Scott McGough","12056","R",0.335
"Sean Burke","29878","R",0.288
"Sean Guenther","20045","L",0.311
"Sean Hjelle","21481","R",0.29
"Sean Manaea","15873","L",0.279
"Sean Newcomb","16943","L",0.301
"Sean ReidFoley","17034","R",0.229
"Sean Reynolds","22253","R",0.269
"Seranthony Dominguez","19249","R",0.296
"Seth Halvorsen","33294","R",0.296
"Seth Johnson","26020","R",0.326
"Seth Lugo","12447","R",0.295
"Seth Martinez","21045","R",0.292
"Shane Baz","22264","R",0.307
"Shane Bieber","19427","R",0.366
"Shaun Anderson","19453","R",0.303
"Shawn Armstrong","12857","R",0.269
"Shawn Dubin","24977","R",0.293
"Shelby Miller","10197","R",0.364
"Shota Imanaga","33829","L",0.256
"Simeon Woods Richardson","24494","R",0.27
"Sixto Sanchez","19680","R",0.296
"Slade Cecconi","27500","R",0.336
"Sonny Gray","12768","R",0.389
"Spencer Arrighetti","29921","R",0.276
"Spencer Bivens","30226","R",0.296
"Spencer Howard","23252","R",0.3
"Spencer Schwellenbach","31846","R",0.268
"Spencer Strider","27498","R",0.297
"Spencer Turnbull","16207","R",0.303
"Stephen Kolek","21487","R",0.317
"Steven Cruz","23165","R",0.286
"Steven Matz","13361","L",0.307
"Steven Okert","13580","L",0.291
"Steven Wilson","20353","R",0.237
"TJ McFarland","3237","L",0.365
"Taijuan Walker","11836","R",0.274
"Taj Bradley","22543","R",0.308
"Tanner Banks","16990","L",0.294
"Tanner Bibee","30134","R",0.27
"Tanner Gordon","27669","R",0.285
"Tanner Houck","19879","R",0.299
"Tanner Rainey","17610","R",0.206
"Tanner Scott","17586","L",0.27
"Tarik Skubal","22267","L",0.29
"Tayler Saucedo","17888","L",0.29
"Tayler Scott","13652","R",0.255
"Taylor Rogers","13449","L",0.319
"Tejay Antone","16233","R",0.312
"Thyago Vieira","14510","R",0.302
"Tim Herrin","25139","L",0.297
"Tim Hill","16814","L",0.349
"Tim Mayza","15042","L",0.311
"Tobias Myers","22191","R",0.262
"Tom Cosgrove","23443","L",0.29
"Tommy Henry","26285","L",0.321
"Tommy Kahnle","11384","R",0.272
"Tommy Nance","19178","R",0.286
"Tony Santillan","19926","R",0.317
"Touki Toussaint","16929","R",0.313
"Trent Thornton","17948","R",0.282
"Trevor McDonald","26448","R",0.356
"Trevor Megill","17722","R",0.29
"Trevor Richards","19309","R",0.257
"Trevor Rogers","22286","L",0.275
"Trevor Williams","16977","R",0.271
"Trey Wingenter","17793","R",0.311
"Tristan Beck","21584","R",0.292
"Triston McKenzie","18000","R",0.229
"Troy Taylor","31883","R",0.268
"Tucker Davidson","19871","L",0.35
"Ty Adcock","25651","R",0.286
"Ty Blach","14361","L",0.352
"Ty Madden","30140","R",0.305
"Tyler Alexander","17735","L",0.295
"Tyler Anderson","12880","L",0.28
"Tyler Beede","16981","R",0.318
"Tyler Duffey","13758","R",0.339
"Tyler Ferguson","19481","R",0.263
"Tyler Gilbert","17964","L",0.289
"Tyler Glasnow","14374","R",0.295
"Tyler Holton","26231","L",0.317
"Tyler Jay","17952","L",0.316
"Tyler Kinley","18297","R",0.303
"Tyler Mahle","16358","R",0.301
"Tyler Matzek","10058","L",0.26
"Tyler Phillips","20629","R",0.285
"Tyler Rogers","15541","R",0.269
"Tyler Wells","20000","R",0.267
"Tyler Zuber","20379","R",0.273
"Tylor Megill","21318","R",0.327
"Tyson Miller","19976","R",0.244
"Valente Bellozo","23899","R",0.267
"Victor Gonzalez","16408","L",0.303
"Victor Mederos","31533","R",0.317
"Victor Vodnik","24614","R",0.304
"Vinny Nittoli","16754","R",0.286
"Vladimir Gutierrez","19278","R",0.272
"Wade Miley","8779","L",0.397
"Walker Buehler","19374","R",0.265
"Walter Pennington","27624","L",0.294
"Wandy Peralta","14295","L",0.33
"Wes Parsons","14764","R",0.269
"Will Klein","27787","R",0.274
"Will Smith","8048","L",0.294
"Will Vest","19769","R",0.305
"Will Warren","30182","R",0.29
"Xzavion Curry","25595","R",0.286
"Yariel Rodriguez","33838","R",0.264
"Yency Almonte","15068","R",0.311
"Yennier Cano","25911","R",0.276
"Yerry Rodriguez","21955","R",0.255
"Yilber Diaz","29271","R",0.302
"Yimi Garcia","12095","R",0.259
"Yoendrys Gomez","22872","R",0.325
"Yohan Ramirez","19444","R",0.316
"Yonny Chirinos","16401","R",0.296
"Yoshinobu Yamamoto","33825","R",0.262
"Yosver Zulueta","27765","R",0.315
"Yu Darvish","13074","R",0.304
"Yuki Matsui","33826","L",0.277
"Yunior Marte","14416","R",0.291
"Yusei Kikuchi","20633","L",0.254
"Zac Gallen","19291","R",0.314
"Zac Kristofak","27585","R",0.296
"Zach Brzykcy","27783","R",0.271
"Zach Eflin","13774","R",0.288
"Zach Logue","20231","L",0.243
"Zach Penrod","25368","L",0.319
"Zach Plesac","19979","R",0.266
"Zach Pop","20185","R",0.296
"Zack Kelly","20349","R",0.274
"Zack Littell","15823","R",0.301
"Zack Thompson","25918","L",0.323
"Zack Wheeler","10310","R",0.282
"Zebby Matthews","31827","R",0.254
"Aaron Loup","10343","L",0.259
"Adam Kolarek","10843","L",0.27
"Adam Wainwright","2233","R",0.344
"Adrian Martinez","21023","R",0.322
"Albert Abreu","17485","R",0.276
"Alec Mills","13834","R",0.397
"Alex Colome","6661","R",0.355
"Andre Jackson","21298","R",0.297
"Andrew Bellatti","10657","R",0.305
"Andrew Suarez","18300","L",0.316
"Andrew Vasquez","19482","L",0.251
"Andres Machado","14681","R",0.333
"Angel Felipe","21163","R",0.271
"Angel Perdomo","17759","L",0.306
"Anthony Bass","7982","R",0.311
"Anthony DeSclafani","13050","R",0.293
"Anthony Kay","20387","L",0.346
"Archie Bradley","12918","R",0.299
"Austin Cox","24604","L",0.297
"Bennett Sousa","21345","L",0.286
"Blair Calvo","25416","R",0.375
"Brad Boxberger","10133","R",0.275
"Brad Hand","9111","L",0.292
"Braden Bristo","20494","R",0.29
"Brandon Walter","26056","L",0.309
"Brandon Woodruff","16162","R",0.296
"Brendan White","26024","R",0.283
"Brett Kennedy","17877","R",0.32
"Brooks Kriske","21189","R",0.329
"Bruce Zimmermann","20370","L",0.268
"Carl Edwards Jr","13607","R",0.337
"Carlos Vargas","22915","R",0.31
"Casey Lawrence","11121","R",0.286
"Chad Smith","20190","R",0.295
"Chase De Jong","15036","R",0.291
"Chi Chi Gonzalez","14663","R",0.324
"Chris Murphy","26214","L",0.303
"Clayton Andrews","23631","L",0.315
"Cody Morris","25388","R",0.301
"Cole Waites","25665","R",0.306
"Collin McHugh","7531","R",0.338
"Connor Overton","18376","R",0.337
"Connor Phillips","27649","R",0.241
"Connor Seabold","19695","R",0.318
"Corey Kluber","2429","R",0.313
"Cory Abbott","20277","R",0.306
"Daniel Bard","7115","R",0.275
"Daniel Castano","19805","L",0.294
"Daniel Norris","13475","L",0.319
"Dauri Moreta","21101","R",0.285
"Denyi Reyes","20526","R",0.276
"Dereck Rodriguez","14509","R",0.389
"Devin Smeltzer","19487","L",0.302
"Devin Sweet","25348","R",0.299
"Domingo Acevedo","17092","R",0.269
"Domingo Tapia","12178","R",0.289
"Drew Carlton","19868","R",0.323
"Drew Rom","24602","L",0.278
"Drew Rucinski","12499","R",0.302
"Drew VerHagen","13424","R",0.295
"Drey Jameson","26260","R",0.312
"Duane Underwood Jr","14677","R",0.316
"Dustin May","19716","R",0.312
"Dylan Covey","14825","R",0.307
"Easton McGee","22176","R",0.276
"Edgar Navarro","24363","R",0.301
"Elvin Rodriguez","20962","R",0.311
"Emmet Sheehan","29839","R",0.289
"Enmanuel De Jesus","18554","L",0.266
"Eric Lauer","19316","L",0.343
"Erich Uelmen","20323","R",0.268
"Ethan Small","26364","L",0.292
"Eury Perez","27768","R",0.287
"Evan Justice","30008","L",0.263
"Fernando Abad","4994","L",0.293
"Francisco Perez","21018","L",0.262
"Freddy Tarnok","23324","R",0.294
"Felix Bautista","20666","R",0.258
"Garrett Acton","27583","R",0.313
"Garrett Hill","25097","R",0.27
"Glenn Otto","21366","R",0.315
"Heath Hembree","11632","R",0.273
"Hobie Harris","18615","R",0.296
"Hyun Jin Ryu","14444","L",0.323
"Ian Kennedy","6986","R",0.35
"JC Mejia","20617","R",0.311
"Jackson Kowar","21549","R",0.272
"Jackson Wolf","29832","L",0.342
"Jaime Barria","18356","R",0.334
"Jake Faria","13699","R",0.285
"Jake Wong","23095","R",0.352
"James Kaprielian","18331","R",0.289
"James Karinchak","20151","R",0.266
"James Naile","18186","R",0.316
"Javy Guerra","17292","R",0.329
"Jeff Brigham","16631","R",0.28
"Jeff Lindgren","25830","R",0.326
"Jesse Scholtens","19205","R",0.323
"Jeurys Familia","5114","R",0.345
"Jimmy Cordero","15690","R",0.308
"Jimmy Lambert","19541","R",0.27
"Jimmy Yacabonis","15157","R",0.294
"Joe Barlow","22296","R",0.295
"Joey Krehbiel","13707","R",0.317
"Johan Oviedo","22487","R",0.3
"Jordan Balazovic","21866","R",0.292
"Jose Espada","21131","R",0.18
"Josh Taylor","17359","L",0.327
"Jose De Leon","15463","R",0.312
"Jose Lopez","22982","L",0.313
"Jose Rodriguez","17860","R",0.334
"Jose Urquidy","18413","R",0.282
"Jovani Moran","20422","L",0.296
"Juan Then","22828","R",0.321
"Julio Urias","14765","L",0.289
"Justin Garza","19784","R",0.326
"Karl Kauffmann","27488","R",0.303
"Kelvin Caceres","24681","R",0.261
"Ken Waldichuk","27681","L",0.292
"Kendall Graveman","15514","R",0.256
"Keynan Middleton","15264","R",0.305
"Kolton Ingram","26068","L",0.292
"Konnor Pilkington","21453","L",0.284
"Kyle Barraclough","13713","R",0.325
"Kyle Wright","19665","R",0.32
"Lane Ramsey","25071","R",0.291
"Levi Stoudt","25650","R",0.291
"Liam Hendriks","3548","R",0.309
"Lucas Giolito","15474","R",0.306
"Lucas Luetge","8337","L",0.299
"Luis Cessa","13345","R",0.326
"Luis F Ortiz","16942","R",0.301
"Luis Garcia","23735","R",0.271
"Luis Patino","22815","R",0.301
"Lyon Richardson","24581","R",0.326
"Madison Bumgarner","5524","L",0.265
"Mason Thompson","21850","R",0.273
"Matt Brash","25756","R",0.262
"Matt Bush","1246","R",0.313
"Matt Dermody","14844","L",0.363
"Matt Gage","17381","L",0.278
"Matt Koch","13420","R",0.287
"Mauricio Llovera","20080","R",0.314
"Max Castillo","21956","R",0.311
"McKinley Moore","25663","R",0.305
"Michael Fulmer","13218","R",0.297
"Michael Mariot","10835","R",0.243
"Michael Plassmeyer","23191","L",0.318
"Michael Rucker","19454","R",0.28
"Mike Mayers","15451","R",0.354
"Mychal Givens","10430","R",0.328
"Nicholas Padilla","21327","R",0.281
"Nick Wittgren","15594","R",0.312
"Noah Syndergaard","11762","R",0.286
"Oliver Ortega","21025","R",0.248
"Packy Naughton","23292","L",0.279
"Penn Murfee","25174","R",0.272
"Peter Solomon","20476","R",0.331
"Peyton Battenfield","25777","R",0.29
"Randy Wynne","25804","R",0.32
"Reiss Knehr","21541","R",0.279
"Reiver Sanmartin","19754","L",0.228
"Reyes Moronta","14966","R",0.294
"Richard Bleier","7803","L",0.358
"Ricky Karcher","23449","R",0.368
"Rico Garcia","20023","R",0.267
"Robert Stephenson","13594","R",0.265
"Ryan Sherriff","12249","L",0.345
"Ryan Tepera","10291","R",0.308
"Ryan Weber","10160","R",0.432
"Sam Bachman","29754","R",0.278
"Sam Coonrod","17264","R",0.315
"Sandy Alcantara","18684","R",0.334
"Sawyer GipsonLong","26048","R",0.232
"Sean Nolin","11341","L",0.374
"Shane Greene","10756","R",0.288
"Shane McClanahan","21483","L",0.277
"Shintaro Fujinami","31839","R",0.282
"Silvino Bracho","15051","R",0.295
"Spencer Patton","12361","R",0.32
"Spenser Watkins","17489","R",0.317
"Stephen Nogosek","19545","R",0.286
"Taylor Clarke","17611","R",0.276
"Taylor Hearn","18325","L",0.327
"Thaddeus Ward","21513","R",0.287
"Thomas Hatch","19264","R",0.359
"Thomas Pannone","17281","L",0.271
"Tommy Doyle","21281","R",0.293
"Tommy Hunter","1157","R",0.308
"Tommy Milone","7608","L",0.266
"Tony Gonsolin","19388","R",0.337
"Trevor Gott","15046","R",0.266
"Trevor Kelley","18454","R",0.284
"Trevor May","6398","R",0.28
"Trevor Stephan","19932","R",0.271
"Tyler Cyr","18421","R",0.338
"Vince Velasquez","11189","R",0.26
"Wander Suero","15855","R",0.316
"Wil Crowe","19800","R",0.276
"Yacksel Rios","15007","R",0.327
"Yerry De Los Santos","21420","R",0.284
"Zach Davies","13183","R",0.38
"Zach Jackson","19493","R",0.264
"Zach McAllister","2895","R",0.308
"Zach Muckenhirn","20209","L",0.303
"Zach Neal","11294","R",0.296
"Zack Burdi","19159","R",0.282
"Zack Greinke","1943","R",0.367
"Zack Weiss","15444","R",0.295
