"name","new_PA"
"AJ Ewing",1
"AJ Graffanino",1
"AJ Lewis",101
"AJ Pollock",80.1509090909091
"AJ Shaver",1
"AJ Vukovich",265
"Aaron Antonini",1
"Aaron Bracho",204
"Aaron Hicks",85.8385517241379
"Aaron Judge",651.047018867925
"Aaron McKeithan",124.5
"Aaron Palensky",149.5
"Aaron Pinero",1
"Aaron Sabato",198
"Aaron Schunk",110.162588679245
"Aaron Shackelford",186
"Aaron Whitefield",1
"Aaron Zavala",244
"Abdias De La Cruz",1
"Abdiel Layer",1
"Abel Bastidas",1
"Abel De Leon",1
"Abel Lorenzo",1
"Abelaldo Lopez",1
"Abelardo Medrano",1
"Abiezel Ramirez",1
"Abimelec Ortiz",237
"Abraham Almonte",70.4390909090909
"Abraham Cohen",1
"Abraham Nunez",1
"Abraham Toro",164.512948571429
"Abrahan Gutierrez",149
"Abrahan Ramirez",1
"Adael Amador",106.253373584906
"Adalberto Mondesi",1
"Adam Duvall",244.41679245283
"Adam Engel",101.099545454545
"Adam Frazier",264.653377358491
"Adam Hackenberg",170.5
"Adam Hall",118
"Adam Haseley",65.0731818181818
"Adam Retzbach",145.5
"Adam Zebrowski",203.5
"Adan Chacon",1
"Adan Sanchez",1
"Adanson Cruz",1
"Adari Grant",1
"Adbiel Feliz",1
"Addison Barger",222.674358490566
"Addison Kopack",76.5
"Adinso Reyes",1
"Adley Rutschman",598.325452830189
"Adolfo Sanchez",1
"Adolis Garcia",604.749754716981
"Adrian Bello",1
"Adrian De Leon",1
"Adrian Del Castillo",204.921603773585
"Adrian Garcia",1
"Adrian Gil",1
"Adrian Gonzalez",1
"Adrian Hernandez",1
"Adrian Hoyte",1
"Adrian Ibarra",1
"Adrian Meza",1
"Adrian Perez",1
"Adrian Pinto",66.5
"Adrian Placencia",258
"Adrian Reyes",1
"Adrian Rodriguez",1
"Adrian Santana",1
"Adrian Sugastey",114
"Adriander Mejia",1
"Adriel Cuello",1
"Adriel Radney",1
"Aeverson Arteaga",211
"Agustin Acosta",1
"Agustin Ramirez",266.42275
"Agustin Ruiz",187
"Ahbram Liendo",210.5
"Aidan Longwell",1
"Aidan Miller",230.5
"Aidan Smith",1
"Aiverson Rodriguez",1
"Akil Baddoo",128.489525714286
"Alain Camou",76.5
"Alan Frias",1
"Alan Mejia",1
"Alan Roden",126.9007125
"Alan Trejo",162.372058823529
"Albert Alberto",1
"Albert Almora Jr",230.5
"Albert Carpio",1
"Albert Fabian",174.5
"Albert Feliz",1
"Albert Gutierrez",1
"Albert Jimenez",1
"Alberth Palma",1
"Alberto Barriga",1
"Alberto Hernandez",1
"Alberto Mendez",1
"Alberto Rios",71.5
"Alberto Rodriguez",236
"Albertson Asigen",1
"Alcides Hernandez",1
"Aldalay Kolokie",1
"Aldenis Sanchez",1
"Aldo Gaxiola",1
"Aldrin Lucas",1
"Alec Bohm",610.509452830189
"Alec Burleson",494.519471698113
"Alec Makarewicz",1
"Alec Sayre",1
"Aledmys Diaz",128.501132075472
"Alejandro Blasco",1
"Alejandro Kirk",423.171037735849
"Alejandro Loaiza",1
"Alejandro Nunez",183.5
"Alejandro Osuna",225.5
"Alejo Lopez",207.87
"Alek Thomas",308.896150943396
"Alen Pineda",1
"Alerick Soularie",135.5
"Alessander De La Cruz",1
"Alessandro Duran",1
"Alex Acosta",1
"Alex Binelas",200
"Alex Blandino",1
"Alex Bregman",637.510018867925
"Alex Call",289.665698113208
"Alex De Goti",184.5
"Alex De Jesus",225
"Alex Destino",1
"Alex Dickerson",1
"Alex Freeland",293.5
"Alex Hall",1
"Alex Iadisernia",440
"Alex Isola",195.5
"Alex Jackson",154.87320754717
"Alex Kirilloff",256.202272727273
"Alex McGarry",198.5
"Alex McKenna",1
"Alex Mooney",249
"Alex Ramirez",277
"Alex Verdugo",469.146547169811
"Alexander Albertus",1
"Alexander Benua",1
"Alexander Campos",1
"Alexander Canario",182.636037735849
"Alexander Garcia",1
"Alexander Mambel",1
"Alexander Martinez",1
"Alexander Mojica",1
"Alexander Orasma",1
"Alexander Ovalles",1
"Alexander Perez",1
"Alexander Ramirez",1
"Alexander Requena",1
"Alexander Rincon",1
"Alexander Suarez",161
"Alexander Vargas",190
"Alexey Lumpuy",1
"Alexfri Planez",213
"Alexi Quiroz",1
"Alexis Hernandez",1
"Alfonsin Rosario",1
"Alfonso Rivas III",196.231176470588
"Alfonzo Martinez",1
"Alfredo Alcantara",1
"Alfredo Benzan",1
"Alfredo Duno",1
"Alfredo Guanchez",1
"Alfredo Rodriguez",1
"Alfredo Velasquez",50.5
"Ali Sanchez",149.078823529412
"Alika Williams",121.506617142857
"Alirio Ferrebus",1
"Alison Quintero",1
"Allan Castro",272
"Allan Cerda",173.5
"Alonso Gallegos",1
"Alsander Womack",182.5
"Alvaro Aguero",1
"Alvaro Gonzalez",77.5
"Alver Medina",1
"Alvin Guzman",1
"Amauri Ramirez",1
"Ambioris Tavarez",177.5
"Amed Rosario",266.430943396226
"Anderdson Rojas",1
"Anderson Colmenarez",1
"Anderson De Los Santos",222.5
"Anderson Fermin",1
"Anderson Garcia",1
"Anderson Machado",1
"Anderson Navas",1
"Anderson Nova",1
"Anderson Suriel",1
"Anderson Tovar",1
"Andre Lipcius",150.150517241379
"Andrelton Simmons",1
"Andres Alvarez",179
"Andres Bonolis",1
"Andres Centeno",1
"Andres Chaparro",132.302864150943
"Andres Gimenez",605.795320754717
"Andres Hernandez",1
"Andres Lacruz",1
"Andres Mesa",1
"Andres Nolaya",1
"Andres Sosa",126
"Andres Tabares",1
"Andres Torres",1
"Andres Valor",1
"Andres Villafane",1
"Andrew Bechtold",1
"Andrew Benintendi",537.384943396226
"Andrew Cossetti",188
"Andrew Fernandez",79
"Andrew Jenkins",134
"Andrew Kachel",164.5
"Andrew Knapp",142.436764705882
"Andrew Knizner",131.295882352941
"Andrew McCutchen",450.895867924528
"Andrew Miller",1
"Andrew Moritz",1
"Andrew Navigato",235.5
"Andrew Pinckney",271
"Andrew Pintar",219
"Andrew Stevenson",74.435
"Andrew Vaughn",596.001528301887
"Andrew Velazquez",201.757647058824
"Andrew Young",1
"Andrews Sosa",1
"Andri Leon",1
"Andrick Nava",121
"Andru Arthur",1
"Andruw Monasterio",168.975754716981
"Andruw Musett",1
"Andruw Salcedo",1
"Andry Batista",1
"Andry Javier",1
"Andy Acevedo",1
"Andy Atwood",1
"Andy Blake",126
"Andy Burns",1
"Andy Colon",1
"Andy Encarnacion",1
"Andy Garriola",232
"Andy Ibanez",231.890132075472
"Andy Lugo",221
"Andy Pages",283.727830188679
"Andy Perez",278.5
"Andy Thomas",201.5
"Andy Weber",161.5
"Andy Yerzy",129.5
"Aneudi Escanio",1
"Aneudis Mordan",214
"Angel Acosta",1
"Angel Aponte",1
"Angel Aquino",1
"Angel Arevalo",1
"Angel Basabe",1
"Angel Brachi",1
"Angel Cepeda",1
"Angel Cruz",1
"Angel Del Rosario",1
"Angel Diaz",1
"Angel Feliz",1
"Angel Galarraga",49
"Angel Garcia",1
"Angel Genao",242.5
"Angel Gonzalez",1
"Angel Guzman",1
"Angel Herrera",1
"Angel Martinez",255.692150943396
"Angel Mata",1
"Angel Mateo",1
"Angel Nieblas",1
"Angel Ortiz",1
"Angel Pereira",1
"Angel Perez",1
"Angel Pierre",1
"Angel Ramirez",1
"Angel Rivera",1
"Angel Rodriguez",1
"Angel Tejada",157
"Angel Ventura",1
"Angel Zarate",123
"Angelo Castellano",150
"Angelo DiSpigna",1
"Angelo Hernandez",1
"Angelo Mora",1
"Angeudis Santos",1
"Anibal Salas",1
"Aniel Mendoza",1
"Anielson Buten",1
"Anthony Alford",414
"Anthony Bemboom",129.323529411765
"Anthony Garcia",1
"Anthony Gutierrez",161
"Anthony Hall",143.5
"Anthony Huezo",85
"Anthony Marquez",1
"Anthony Mulrine",84
"Anthony Prato",225.5
"Anthony Quirion",1
"Anthony Rendon",264.9974
"Anthony Rizzo",364.367169811321
"Anthony Rodriguez",1
"Anthony Santander",646.083245283019
"Anthony Scull",1
"Anthony Seigler",203.5
"Anthony Servideo",205
"Anthony Sherwin",163.5
"Anthony Tandron",1
"Anthony Vilar",177.5
"Anthony Volpe",641.507339622642
"Anthuan Valencia",1
"Antonio Anderson",1
"Antonio Gomez",155.5
"Antonio Pimentel",1
"Antonis Macias",1
"Antony Gomez",1
"Antony Peguero",1
"Anyelo Encarnacion",172
"Anyelo Gonzalez",1
"Anyelo Marquez",1
"Aramis Garcia",105.234411764706
"Archer Brookman",106.5
"Arden Pabst",1
"Arfeni Batista",1
"Ariel Almonte",1
"Ariel Castro",1
"Arison Jimenez",1
"Arjun Nimmala",1
"Armando Alvarez",109.860793103448
"Armando Cruz",200.5
"Armando Sierra",1
"Armani Smith",1
"Armond Upshaw",1
"Arnaldo Lantigua",1
"Arnaldo Montano",1
"Arnold Prado",1
"Arol Vera",237.5
"Aron Estrada",242.5
"Aroon Escobar",1
"Arquimedes Gamboa",187.5
"Arturo De Freitas",101
"Arturo Disla",245
"Arturo Guerrero",1
"Arxy Hernandez",1
"Asbel Gonzalez",1
"Ashly Andujar",1
"Ashton Creal",1
"Ashton McGee",1
"Athanael Duarte",1
"Audie Jimenez",1
"Austin Allen",133
"Austin Barnes",142.696735849057
"Austin Beck",271
"Austin Callahan",181.5
"Austin Charles",1
"Austin Dean",1
"Austin Deming",221.5
"Austin Gauthier",262.5
"Austin Hays",441.419886792453
"Austin Hedges",187.552471698113
"Austin Hendrick",239.5
"Austin Martin",211.057660377359
"Austin Meadows",80.5313636363636
"Austin Murr",193.5
"Austin Nola",132.97
"Austin Overn",98
"Austin Riley",642.664301886792
"Austin Romine",1
"Austin Schultz",1
"Austin Shenton",113.440860377358
"Austin Slater",244.553113207547
"Austin Wells",457.758377358491
"Austin Wynns",65.0444116981132
"Avery OwusuAsiedu",1
"Avinson Pinto",1
"Avisail Garcia",143.167941176471
"Axel Sanchez",196
"Axell De Paula",1
"Axiel Plaz",1
"BJ Boyd",1
"BJ Murray Jr",228
"BY Choi",1
"Bairon Ledesma",1
"Baron Radcliff",147
"Barrett Riebock",1
"Beau Brewer",71
"Beau Philip",1
"Beau Taylor",1
"Belfi Rivera",1
"Ben DeLuzio",1
"Ben Gamel",217.875773584906
"Ben Gobbel",191.5
"Ben Malgeri",232.5
"Ben McCabe",1
"Ben Metzinger",1
"Ben Norman",1
"Ben Ramirez",213
"Ben Rice",119.407713207547
"Ben Rortvedt",246.07658490566
"Ben Ross",234
"Ben Williamson",275.5
"Benjamin Blackwell",106
"Benjamin Cowles",224
"Bennett Hostetler",160.5
"Bennett Lee",98
"Benny Montgomery",214.5
"Bernard Moon",1
"Bernardo Zabala",1
"Beycker Barroso",1
"Bill Knight",224.5
"Billy Cook",223.330943396226
"Billy Hamilton",51.0327272727273
"Billy McKinney",133.674117647059
"Bjay Cooke",1
"Bladimir Restituyo",233
"Blaine Crim",278
"Blaine McIntosh",1
"Blake Dunn",87.1997735849057
"Blake Hunt",48.8423471428571
"Blake Mitchell",246.5
"Blake Perkins",325.974471698113
"Blake Rambusch",136.5
"Blake Robertson",80
"Blake Rutherford",57.0445454545454
"Blake Sabol",113.38140754717
"Blayberg Diaz",1
"Blaze Alexander",191.066075471698
"Blaze Jordan",226.5
"Bligh Madris",124.114068571429
"Bo Bichette",576.298622641509
"Bo Davidson",1
"Bo Naylor",404.915094339623
"Bob Seymour",233.5
"Bobby Dalbec",85.9824339622642
"Bobby Witt Jr",676.155
"Bohan Adderley",1
"Boston Baro",216.5
"Bracewell Taveras",1
"Brad Cumbest",1
"Brad Miller",97.0836363636363
"Braden Barry",1
"Braden Bishop",1
"Braden Shewmake",86.7750706382979
"Bradley Zimmer",1
"Brady Allen",234.5
"Brady House",193.093875
"Brady Lindsly",126
"Brady Policelli",1
"Brady Whalen",135.5
"Braedon Karpathios",1
"Brahian Silva",1
"Braiden Ward",206.5
"Brailin Pascual",1
"Brainer Bonaci",1
"Bralyn Brazoban",1
"Branden Boissiere",162
"Branden Fryman",1
"Brando Mayea",1
"Brandol Mezquita",1
"Brandon Belt",112.346818181818
"Brandon Crawford",167.839705882353
"Brandon Dixon",59.9622727272727
"Brandon Drury",279.803396226415
"Brandon Hernandez",1
"Brandon Howlett",1
"Brandon Lewis",181
"Brandon Lockridge",132.59959245283
"Brandon Lowe",499.816905660377
"Brandon Marsh",506.474075471698
"Brandon Martorano",132
"Brandon McIlwain",196
"Brandon Nimmo",607.047150943396
"Brandon Parker",140
"Brandon Pimentel",1
"Brandon Valenzuela",207
"Brandon Winokur",1
"Branny De Oleo",1
"Brantley Bell",1
"Brauli Diaz",1
"Braxton Fulford",188
"Braxton Martinez",1
"Brayan Altuve",1
"Brayan Amoroso",1
"Brayan Buelvas",239
"Brayan Cota",1
"Brayan Ferrer",1
"Brayan Guedez",1
"Brayan Hernandez",1
"Brayan Joseph",1
"Brayan Oropeza",1
"Brayan Rijo",1
"Brayan Rocchio",514.131773584906
"Brayan Sanchez",1
"Brayden Jobert",185.5
"Brayden Taylor",251
"Braylen Wimmer",1
"Braylin Morel",1
"Braylin Tavera",1
"Braylon Bishop",1
"Breiny Ramirez",1
"Brendan Donovan",590.893283018868
"Brendan Jones",55
"Brendan Rodgers",371.277811320755
"Brenden Dixon",143
"Brendon Davis",245
"Brennan Milone",261
"Brennan Orf",120
"Brennen Davis",161
"Brenner Cox",1
"Brennon McNair",1
"Brenny Escanio",179
"Brent Diaz",1
"Brent Rooker",614.612452830189
"Brenton Doyle",621.066830188679
"Bret Boswell",1
"Brett Auerbach",182
"Brett Barrera",1
"Brett Bateman",238
"Brett Baty",192.54118490566
"Brett Callahan",145
"Brett Cumberland",1
"Brett Harris",111.403226415094
"Brett Johnson",113.5
"Brett Phillips",144.5
"Brett Roberts",138.5
"Brett Rodriguez",1
"Brett Squires",196.5
"Brett Sullivan",77.5711532075472
"Brett Wisely",202.925773584906
"Brewer Hicklen",76.5903293617021
"Breyias Dean",1
"Brhet Bewley",1
"Brian Anderson",174.727941176471
"Brian Kalmer",162
"Brian Miller",1
"Brian Navarreto",112.5
"Brian O'Keefe",170.029117647059
"Brian Rey",1
"Brian Sanchez",1
"Brian Serven",72.8310514285714
"Brice Matthews",166
"Brice Turang",585.248566037736
"Brock Jones",190
"Brock Rodden",268
"Brock Vradenburg",247.5
"Brock Wilken",133.40725
"Brody Moore",204.5
"Brooks Baldwin",267.109509433962
"Brooks Brannon",1
"Brooks Lee",460.184698113208
"Browm Martinez",1
"Bryan Acuna",1
"Bryan Andrade",1
"Bryan Arias",1
"Bryan Broecker",99.5
"Bryan De La Cruz",254.464660377358
"Bryan Gonzalez",1
"Bryan Lavastida",190
"Bryan Martinez",1
"Bryan Ramos",176.606773584906
"Bryan Reynolds",645.527169811321
"Bryan Rincon",155
"Bryan Torres",253.5
"Bryant Betancourt",227
"Bryant Mendez",1
"Bryant Packard",1
"Bryant Quijada",1
"Bryce Arnold",165
"Bryce Ball",198
"Bryce Eldridge",148.618425
"Bryce Harper",635.035509433962
"Bryce Johnson",108.092828571429
"Bryce Teodosio",195.092941176471
"Bryce Willits",211
"Bryce Windham",272
"Bryson Brigman",193
"Bryson Horne",203
"Bryson Stott",605.703188679245
"Bryson Ware",204.5
"Bryson Worrell",126.5
"Bubba Alleyne",171
"Bubba Hollins",1
"Bubba Thompson",170.117941176471
"Buddy Kennedy",100.883438297872
"Byron Buxton",467.227132075472
"Byron Castillo",1
"Byron Chourio",1
"ByungHo Park",1
"CJ Abrams",598.133660377359
"CJ Alexander",66.8916452830189
"CJ Cron",95.4477272727273
"CJ Hinojosa",201.5
"CJ Kayfus",253.5
"CJ Rodriguez",143
"CJ Stubbs",161
"Caberea Weaver",1
"Cade Bunnell",190.5
"Cade Doughty",144.5
"Cade Fergus",135.5
"Cade Hunter",210.5
"Cade Marlowe",142.375206896552
"Caden Connor",263
"Caden Rose",75.5
"Cadyn Grenier",1
"Caeden Trenkle",145
"Cal Conley",266.5
"Cal Mitchell",236.029117647059
"Cal Raleigh",571.16158490566
"Cal Stevenson",96.968158490566
"Caleb Bartolero",1
"Caleb Cali",255
"Caleb Durbin",320.964375
"Caleb Farmer",1
"Caleb Hamilton",127.264411764706
"Caleb Hobson",1
"Caleb Ketchup",265
"Caleb Knight",58
"Caleb Pendleton",67
"Caleb Ricketts",153
"Caleb Roberts",231.5
"Calvin Harris",139.5
"Cam Cannon",1
"Cam Collier",260.5
"Cam Devanney",238.5
"Cam Eden",176.443235294118
"Cam Fisher",143.5
"Cam Gallagher",79.8204545454545
"Cam Magee",1
"Cam Smith",71
"Cam Williams",112.5
"Camden Duzenack",1
"Cameron Barstad",130
"Cameron Cauley",219.5
"Cameron Decker",1
"Cameron Masterman",147.5
"Camilo Diaz",1
"Canaan SmithNjigba",190.290882352941
"Capri Ortiz",1
"Carlos  Garces",1
"Carlos Aguiar",1
"Carlos Altuve",1
"Carlos Amaya",88.5
"Carlos Arroyo",110
"Carlos Avila",1
"Carlos Batista",1
"Carlos Blanco",1
"Carlos Carmona",1
"Carlos Caro",1
"Carlos Carrasquel",1
"Carlos Cauro",1
"Carlos Colmenarez",1
"Carlos Concepcion",1
"Carlos Cordero",1
"Carlos Correa",527.293547169811
"Carlos Cortes",196.5
"Carlos D Rodriguez",81.3908857142857
"Carlos De La Cruz",240
"Carlos De Sousa",1
"Carlos Dominguez",1
"Carlos Franco",1
"Carlos Gonzalez",1
"Carlos Gutierrez",1
"Carlos Jimenez",1
"Carlos Jorge",219
"Carlos Linarez",67.5
"Carlos Luis",1
"Carlos Matias",1
"Carlos Mendoza",242.5
"Carlos Monteverde",1
"Carlos Narvaez",217.835037735849
"Carlos Oviedo",1
"Carlos Pacheco",1
"Carlos Pelegrin",1
"Carlos Perez",188.987205882353
"Carlos Renzullo",1
"Carlos Rincon",1
"Carlos Rodriguez",1
"Carlos Rojas",1
"Carlos Sanchez",1
"Carlos Santana",560.740056603774
"Carlos Santiago",112.5
"Carlos Silva",1
"Carlos Tavares",1
"Carlos Tirado",1
"Carlos Vasquez",1
"Carlos Vicioso",1
"Carlos Villarroel",1
"Carlos Virahonda",1
"Carson Jones",1
"Carson Kelly",293.07579245283
"Carson McCusker",236
"Carson Roccaforte",256
"Carson Taylor",212.5
"Carson Tucker",1
"Carson Williams",202.6066
"Carter Aldrete",1
"Carter Bins",149.5
"Carter Graham",158.5
"Carter Howell",254.5
"Carter Jensen",280.5
"Carter Johnson",1
"Carter Kieboom",172.234411764706
"Carter Trice",1
"Carter Williams",1
"Carter Young",223
"Casey Dana",1
"Casey Martin",202
"Casey Opitz",135
"Casey Saucke",52.5
"Casey Schmitt",147.234894339623
"Casey Yamauchi",164
"Cavan Biggio",107.585996226415
"Cayden Wallace",195
"Ceddanne Rafaela",460.399113207547
"Cedric Mullins",529.508773584906
"Cesar Berbesi",1
"Cesar D'Oleo",1
"Cesar Gonzalez",1
"Cesar Hernandez",1
"Cesar Idrogo",1
"Cesar Izturis Jr",1
"Cesar Lugo",1
"Cesar Mujica",1
"Cesar Prieto",263
"Cesar Quintas",1
"Cesar Salazar",68.0219132075472
"Chad Bell",1
"Chad Castillo",113
"Chad Delancey",1
"Chad Pinder",1
"Chad Stevens",224.5
"Chad Wallach",160.172647058824
"Chadwick Tromp",109.16959245283
"Chance Sisco",65
"Chandler Pollard",1
"Chandler Redmond",213
"Chandler Seagle",132.162647058824
"Chandler Simpson",129.3536875
"Channy Ortiz",1
"Charles Leblanc",200.836176470588
"Charles Mack",1
"Charles McAdoo",256
"Charles Nova",1
"Charlie Blackmon",395.467727272727
"Charlie Condon",57.5
"Charlie Culberson",88.6804545454545
"Charlie Pagliarini",1
"Charlie Szykowny",213.5
"Charlie Welch",1
"Charlis Aquino",1
"Chas McCormick",406.748660377358
"Chase Adkison",115.5
"Chase Davis",232.5
"Chase DeLauter",149.510375
"Chase Estep",1
"Chase Jaworsky",1
"Chase Luttrell",131.5
"Chase Meidroth",270.681375
"Chase Pinder",122
"Chase Strumpf",200
"Chase Valentine",1
"Chavez Young",140.5
"Cherif Neymour",1
"Chris Bec",1
"Chris Brito",147
"Chris Gittens",1
"Chris Givin",1
"Chris Lanzilli",137.5
"Chris Meyers",230
"Chris Newell",248
"Chris Okey",120.349117647059
"Chris Owings",149.043529411765
"Chris Rabago",1
"Chris Roller",147.363823529412
"Chris Rotondo",202.5
"Chris Seise",1
"Chris Sharpe",1
"Chris Shaw",1
"Chris Taylor",277.958452830189
"Chris Williams",184
"Christian Arroyo",151.550882352941
"Christian Bethancourt",119.917252830189
"Christian Cairo",188.5
"Christian Cerda",224.5
"Christian EncarnacionStrand",376.604698113208
"Christian Franklin",214
"Christian Gonzalez",1
"Christian Knapczyk",1
"Christian Koss",197
"Christian Lopes",1
"Christian Molfetta",74
"Christian Moore",208.081375
"Christian Olivo",188.5
"Christian Pregent",91.5
"Christian Saez",1
"Christian Sepulveda",1
"Christian Vazquez",294.309924528302
"Christian Walker",619.934264150943
"Christian Yelich",535.584603773585
"Christin Stewart",1
"Christofer Reyes",1
"Christopher Alvarado",1
"Christopher De La Cruz",1
"Christopher Espinola",1
"Christopher Familia",117
"Christopher Morel",513.561622641509
"Christopher Orelin",1
"Christopher Paciolla",1
"Christopher Suero",228
"Chuckie Robinson",56.0800106382979
"Clark Elliott",1
"Claudiel Lantigua",1
"Claudio Finol",1
"Claudio Simon",1
"Clay Dungan",239
"Clay Winklaar",1
"Clayton Campbell",1
"Cleudis Valenzuela",1
"Clint Coulter",1
"Clint Frazier",99.5963636363636
"Coby Mayo",187.667320754717
"Coby Morales",230.5
"Coco Montes",119.442275862069
"Cody Bellinger",569.977490566038
"Cody Bohanek",1
"Cody Freeman",243
"Cody Milligan",224
"Cody Morissette",218
"Cody Roberts",115
"Cody Thomas",81.3895454545454
"Cody Wilson",131
"Colby Halter",133.5
"Colby Jones",109
"Colby Shade",252
"Colby Smelley",154.5
"Colby Thomas",173.0865
"Cole Barr",1
"Cole Carrigg",257
"Cole Conn",196.5
"Cole Cummings",465
"Cole Daily",1
"Cole Fontenelle",66.5
"Cole Foster",162.5
"Cole Freeman",1
"Cole Gabrielson",150
"Cole Moore",1
"Cole Roberts",64
"Cole Roederer",185
"Cole Sturgeon",1
"Cole Tucker",163.568529411765
"Cole Turney",40.5
"Cole Urman",1
"Cole Young",224.64
"Colin Barber",151
"Colin Davis",135.5
"Colin Houck",1
"Colin Moran",1
"Colin Simpson",1
"Collin Burns",176.5
"Collin Price",178
"Colson Montgomery",451.38575
"Colt Emerson",163
"Colt Keith",532.992226415094
"Colton Bender",86
"Colton Cowser",559.080490566038
"Colton Ledbetter",221.5
"Colton Shaver",1
"Colton Vincent",1
"Colton Welker",1
"Conner Capel",185.556470588235
"Connor Burns",171.5
"Connor Charping",138.5
"Connor Hollis",205.5
"Connor Hoover",1
"Connor Joe",312.46141509434
"Connor Kaiser",173.252058823529
"Connor Kokx",149
"Connor Norby",556.919132075472
"Connor Pavolony",120.5
"Connor Scott",166
"Connor Wong",383.285735849057
"Cooper Bowman",85.7251625
"Cooper Hummel",65.9675234042553
"Cooper Ingle",211
"Cooper Johnson",139.5
"Cooper Kinney",216.5
"Cooper Pratt",204.5
"Corbin Carroll",665.974528301887
"Corey Dickerson",74.7322727272727
"Corey Joyce",145
"Corey Julks",165.0124
"Corey Ray",1
"Corey Rosier",198
"Corey Seager",553.960188679245
"Cortland Lawson",190.5
"Cory Acton",1
"Cory Spangenberg",1
"Creed Willems",213.5
"Cristhian Rodriguez",130.5
"Cristhian Vaquero",1
"Cristian Arguelles",1
"Cristian Benavides",55.5
"Cristian Feliz",1
"Cristian Garcia",1
"Cristian Gonzalez",1
"Cristian Hernandez",259
"Cristian Inoa",1
"Cristian Jauregui",1
"Cristian More",1
"Cristian Pache",179.566176470588
"Cristian Perez",1
"Cristian Santana",108.333333333333
"Cristobal Bena",1
"Cristofer Lebron",1
"Cristofer Torin",1
"Cristofher Paniagua",1
"Cristopfer Gonzalez",1
"Cristopher Barete",1
"Cristopher Navarro",76.5
"Cruzmel Arias",1
"Cuba Bess",1
"Cullen Large",1
"Curley Martha",1
"Curt Casali",58.4031660377358
"Curtis Mead",108.702456603774
"Curtis Terry",1
"Curtis Washington Jr",1
"Cutter Coffey",203
"D'Andre Smith",102
"D'Angelo Tejada",1
"D'Shawn Knowles",219.5
"DJ Artis",1
"DJ Burt",1
"DJ Gladney",221.5
"DJ LeMahieu",381.504452830189
"DJ Peters",1
"DJ Peterson",1
"DJ Stewart",75.8416088135593
"DaShawn Keirsey Jr",115.555350943396
"DaeHo Lee",1
"Daiber De Los Santos",1
"Dairon Blanco",209.996
"Daiverson Gutierrez",1
"Daje Morales",1
"Dakota Harris",182
"Dakota Kotowski",1
"Dalton Guthrie",169.575
"Dalton Kelly",1
"Dalton Rushing",116.6186
"Dalton Shuffield",132.5
"Dalvy Rosario",190
"Dameury Pena",1
"Damiano Palmegiani",262
"Damon Dues",104.5
"Damon Keith",214
"Dane Myers",274.504603773585
"Daneurys De La Cruz",1
"Daniel Amaral",1
"Daniel Bruzual",1
"Daniel Cabrera",204
"Daniel Campos",1
"Daniel Castro",1
"Daniel Cope",70
"Daniel Ferreira",1
"Daniel Flames",1
"Daniel Gaitor",1
"Daniel Guilarte",1
"Daniel Johnson",190.235588235294
"Daniel Jose Lopez",1
"Daniel Mateo",190.5
"Daniel McElveny",1
"Daniel Mielcarek",1
"Daniel Montano",1
"Daniel Pena",1
"Daniel Perez",1
"Daniel Robertson",1
"Daniel Rojas",1
"Daniel Schneemann",183.266018867925
"Daniel Susac",197.5
"Daniel Torres",1
"Daniel Vazquez",1
"Daniel Vellojin",135
"Daniel Vogelbach",131.955611428571
"Danny Bautista Jr",216
"Danny Cancro",1
"Danny De Andrade",177
"Danny Gonzalez",1
"Danny Jansen",348.763433962264
"Danny Mendick",125.985891428571
"Danny Oriente",1
"Danny Puerta",1
"Danny Serretti",191
"Dansby Swanson",630.659622641509
"Danyer Cueva",157.5
"Danyer Sanabria",1
"Darell Hernaiz",197.771283018868
"Dariam Gutierrez",1
"Darian Castillo",1
"Darick Hall",97.0344404255319
"Dariel Arias",1
"Dariel Garcia",1
"Dariel Gomez",1
"Dariel Lopez",1
"Dariel Ramon",1
"Darin Ruf",78.8077272727273
"Dario Borrero",1
"Dario Laverde",1
"Dario Reynoso",1
"Daris Cordero",1
"Darison Garcia",1
"Darius Hill",216
"Darius Perry",1
"Darlin Moquete",156.5
"Darling Fernandez",1
"Darlyn De Leon",1
"Darlyn Montero",1
"Darol Garcia",1
"Darren Baker",105.626233962264
"Darrien Miller",197.5
"Darryl Collins",1
"Darvin Cruz",1
"Darwin De Leon",1
"Dasan Brown",230.5
"Dashyll Tejeda",1
"Daulton Varsho",530.221188679245
"Dauri Fernandez",1
"Dauri Lorenzo",1
"Daury Arias",1
"Dauwin Gonzalez",1
"David Avitia",62.5
"David Banuelos",46.369784
"David Beckles",1
"David Bote",109.932620689655
"David Calabrese",199
"David Carrera",1
"David Dahl",188.642352941176
"David Fletcher",167.615588235294
"David Freitas",1
"David Fry",221.481037735849
"David Garcia",1
"David Guzman",1
"David Hamilton",204.741867924528
"David Hensley",111.494571428571
"David Hollie",1
"David Leon",1
"David MacKinnon",1
"David Martin",134.5
"David McCabe",180
"David Mershon",69
"David Peralta",315.95420754717
"David Rodriguez",1
"David Smith",1
"David Villar",136.7424
"Davis Bradshaw",1
"Davis Schneider",243.937056603774
"Davis Wendzel",187.580294117647
"Dawel Joseph",1
"Dawson Dimon",69.5
"Dayan Frias",233
"Dayker Baldallo",1
"Daylen Lile",279
"Dayro Perez",1
"Dayton Dooney",1
"Daz Cameron",145.768697142857
"Dee StrangeGordon",1
"Deinys Gonzalez",1
"Deivis Mosquera",1
"Deivis Nadal",124.5
"Delino DeShields",1
"Delvin Perez",1
"Delvin Zinn",1
"Delvis Matos",1
"Demetrio Crisantes",1
"Demetrio Nadal",1
"Demetrius Sims",1
"Denilson Aguila",1
"Dennis Ortega",1
"Dennys Riera",1
"Denyerbe Gervis",1
"Denzel Clarke",166.595733333333
"Denzer Guzman",231.5
"Dereck Salom",181
"Derek Bernard",1
"Derek Cueto",1
"Derek Dietrich",1
"Derek Hill",298.625754716981
"Derik Alcantara",1
"Derlin Figueroa",1
"Dermis Garcia",199.5
"Derniche Valdez",1
"Dervin Andrade",1
"Dervy Ventura",1
"Derwin Laya",1
"Deshandro Tromp",1
"Deuri Castillo",1
"Deven Marrero",1
"Devin Foyle",1
"Devin Hairston",1
"Devin Hurdle",48
"Devin Mann",222.5
"Devin Ortiz",220
"Devin Saltiban",1
"Devonte Brown",207
"Deward Tovar",1
"Dexters Peralta",1
"Deyvison De Los Santos",399.128375
"Diego A Castillo",139.693275862069
"Diego Benitez",1
"Diego Cartaya",211.5
"Diego Felix",1
"Diego Gonzalez",1
"Diego Guzman",1
"Diego Hernandez",115
"Diego Infante",183.5
"Diego Mosquera",1
"Diego Omana",1
"Diego Rincones",1
"Diego Velasquez",261.5
"Diego Villegas",1
"Dilan Granadillo",1
"Dilan Rosario",114.5
"Dillan Shrum",422
"Dillon Dingler",254.534358490566
"Dillon Head",1
"Dillon Paulson",1
"Dillon Tatum",92.5
"Dillon Thomas",1
"Diomedes Hernandez",1
"Dionmy Salon",1
"Diorland Zambrano",1
"Diosbel Arias",1
"Diosfran Cabeza",1
"Diover De Aza",1
"Diwarys Encarnacion",1
"Dixon Machado",169.5
"Dom Johnson",197.5
"Dom Nunez",47.6547
"Domingo Batista",1
"Dominic Canzone",135.572705660377
"Dominic Fletcher",151.804830188679
"Dominic Keegan",221.5
"Dominic Miroglio",1
"Dominic Pitelli",227.5
"Dominic Smith",147.22275862069
"Donny Sands",297
"Donovan Antonia",86.5
"Donovan Casey",150.5
"Donovan McIntyre",1
"Donovan Solano",337.746641509434
"Donovan Walton",161.709117647059
"Donta' Williams",157.5
"Douglas Glod",1
"Douglas Hodo III",195.5
"Drake Baldwin",173.49075
"Drake Logan",1
"Drake Osborn",135
"Drew Avans",279.5
"Drew Bowser",1
"Drew Campbell",1
"Drew Cavanaugh",92.5
"Drew Compton",240
"Drew Ehrhard",46.5
"Drew Ellis",215.360882352941
"Drew Gilbert",191.5
"Drew Jackson",1
"Drew Lugbauer",200
"Drew Maggi",138.850882352941
"Drew Mendoza",1
"Drew Millas",105.405177358491
"Drew Mount",66.5
"Drew Romo",250.181603773585
"Drew Swift",1
"Drew Waters",145.405558490566
"Dru Baker",230.5
"Druw Jones",1
"Duce Gourson",100
"Duke Ellis",168.977058823529
"Duncan Garcia",1
"Dustin Dickerson",211
"Dustin Garneau",1
"Dustin Harris",116.465060377358
"Dustin Peterson",167.5
"Dyan Jorge",261.5
"Dylan Beavers",264
"Dylan Campbell",250.5
"Dylan Carlson",132.322011320755
"Dylan Crews",569.931566037736
"Dylan Dreiling",56
"Dylan Harris",1
"Dylan Jasso",265
"Dylan Moore",396.295169811321
"Dylan Neuse",1
"Dylan O'Rae",281
"Dylan Rock",121
"Dylan Rosa",1
"Dylan Shockley",55
"Dyron Campos",1
"EJ Andrews Jr",171
"EJ Exposito",233
"Echedry Vargas",1
"Ed Howard",201.5
"Eddie Park",199
"Eddie Rosario",247.499571428571
"Eddinson Paulino",203
"Eddson Martinez",1
"Eddy Alvarez",165.972352941176
"Eddy Diaz",1
"Eddy Isturiz",1
"Eddy Marmolejos",1
"Eddy Perez",1
"Eddy Rodriguez",1
"Eddys Leonard",241.5
"Edgar Alfonso",1
"Edgar Alvarez",58.5
"Edgar Basabe",1
"Edgar Lugo",1
"Edgar Montero",1
"Edgar Mota",1
"Edgar Quero",205.137125
"Edgardo De Leon",1
"Edgardo Ordonez",1
"Edgleen Perez",1
"Edinson Duran",1
"Edison Mora",1
"Edmundo Sosa",182.743094339623
"Edouard Julien",359.446773584906
"Edrei Campos",1
"Edrick Felix",1
"Edryn Rodriguez",1
"Eduardo Acevedo",1
"Eduardo Beltre",1
"Eduardo Diaz",1
"Eduardo Escobar",87.4663636363636
"Eduardo Garcia",162
"Eduardo Guerrero",1
"Eduardo Herrera",1
"Eduardo Lopez",141.5
"Eduardo Montero",1
"Eduardo Oviedo",1
"Eduardo Perez",1
"Eduardo Ponce",1
"Eduardo Quintero",1
"Eduardo Rojas",1
"Eduardo Salazar",1
"Eduardo Tait",1
"Eduardo Torrealba",1
"Eduardo Valencia",1
"Eduarlin Tejeda",1
"Eduarqui Fernandez",199.5
"Edward De La Cruz",1
"Edward Duran",1
"Edward Florentino",1
"Edward Lantigua",1
"Edward Olivares",120.10392
"Edward Vargas",1
"Edwardo Espinal",1
"Edwarli Brioso",1
"Edwin Amparo",1
"Edwin Arroyo",290
"Edwin Barragan",1
"Edwin Brito",1
"Edwin Darville",1
"Edwin Diaz",1
"Edwin Mateo",1
"Edwin Ramos",1
"Edwin Rios",168.622941176471
"Edwin Sanchez",1
"Edwin Solano",1
"Efren Teran",1
"Efrenyer Narvaez",1
"Eguy Rosario",337.525264150943
"Ehire Adrianza",63.5211764705882
"Elehuris Montero",148.614531428571
"Eli White",74.8066943396226
"Eli Wilson",90
"Eliam Sandoval",1
"Elian Cortorreal",1
"Elian Garcia",1
"Elian Rayo",1
"Elian Soto",1
"Elias Diaz",316.881433962264
"Elias Medina",1
"Elias Petiyan",1
"Elias Reynoso",1
"Elier Hernandez",215
"Eliesbert Alejos",1
"Eliesel Santana",1
"Eliezel Stevens",1
"Eliezer Alfonzo",194
"Elih Marrero",112.5
"Elijah Cabell",1
"Elijah Dunham",228
"Elijah Green",1
"Elijah Hainline",1
"Elijah Nunez",70.5
"Elio Campos",1
"Elio Prado",180.5
"Elis Barreat",50
"Elis Cuevas",1
"Elisandro Alcantara",1
"Elliot Soto",188
"Elly De La Cruz",654.539018867924
"Eloy Jimenez",256.59258490566
"Elvin Garcia",1
"Elvis Andrus",163.842
"Elvis Rijo",1
"Elvis Rojas",1
"Emaarion Boyd",211
"Emerson Purroy",1
"Emil Morales",1
"Emil Turbi",1
"Emiliano Galan",1
"Emilio Sanchez",1
"Emilio Taveras",1
"Emmanuel Rivera",161.949034285714
"Emmanuel Rodriguez",84.0965
"Enddy Azocar",1
"Ender Inciarte",1
"Enderso Lira",93.5
"Enderson Asencio",1
"Enderson Delgado",1
"Endri Garcia",1
"Endy Rodriguez",325.992
"Engel Paulino",1
"Enger Castellano",1
"Enmanuel Bonilla",1
"Enmanuel Pire",1
"Enmanuel Ramirez",1
"Enmanuel Santos",1
"Enmanuel Tejeda",1
"Enmanuel Terrero",1
"Enmanuel Valdez",132.606275471698
"Enrique Bradfield Jr",231.5
"Enrique Hernandez",304.422924528302
"Enrique Jimenez",1
"Enrique Valdez",1
"Enyel Rosario",1
"Enyervert Perez",1
"Enzo Paulino",1
"Erbin Jaque",1
"Eriandys Ramon",1
"Eric Bitonti",1
"Eric Brown Jr",207
"Eric De La Rosa",1
"Eric Haase",158.188396226415
"Eric Hosmer",58.9754545454545
"Eric Martinez",1
"Eric Rodriguez",1
"Eric Stamets",1
"Eric Wagaman",187.191754716981
"Eric Yang",77.355
"Erick Alvarez",1
"Erick Arosemena",1
"Erick Barria",1
"Erick Bautista",1
"Erick Brito",216.5
"Erick Castillo",1
"Erick Hernandez",1
"Erick Lara",1
"Erick Mejia",171
"Erick Pena",1
"Erick Tejeda",1
"Erick Torres",1
"Eriel Dihigo",1
"Erik Gonzalez",212
"Erik Ostberg",1
"Erik Stock",1
"Erison Placencia",1
"Ernesto Martinez Jr",214.5
"Ernie Clement",332.322679245283
"Ernie Yake",1
"Ernny Ordonez",1
"Erny Orellana",1
"Errol Robinson",112.5
"Erubiel Fuentes",1
"Esmerlyn Valdez",1
"Esmil Valencia",1
"Esmith Pineda",1
"Esneider Gomez",1
"Esney Chacon",1
"Estanli Castillo",1
"Estanlin Cassiani",1
"Estarling Mercado",142.5
"Esteban Gonzalez",201
"Esteban Mejia",1
"Esteban Quiroz",140.5
"Esteban Romero",1
"Esterling Rodriguez",1
"Esteury Ruiz",180.984377358491
"Estevan Florial",183.924117647059
"Estivel Morillo",1
"Estiven Giron",1
"Estiven Machado",120.5
"Estivenzon Montero",1
"Estuar Suero",1
"Ethan Anderson",87
"Ethan Hearn",144
"Ethan Long",121
"Ethan Murray",186.5
"Ethan O'Donnell",204
"Ethan Salas",228.5
"Ethan Skender",1
"Ethan Wilson",219.5
"Ethan Workinger",257.5
"Eugenio Suarez",597.522113207547
"Euribiel Angeles",236.5
"Evan Carter",455.387943396226
"Evan Edwards",1
"Evan Estevez",1
"Evan Longoria",85.8004545454545
"Evan Mendoza",1
"Evan Skoug",1
"Evan White",1
"Everett Cooper III",1
"Everson Pereira",78.4950981132075
"Ewry Espinal",1
"Eyke Ugueto",1
"Ezequiel Duran",241.140018867925
"Ezequiel Pagan",192
"Ezequiel Pena",1
"Ezequiel Surun",1
"Ezequiel Tovar",657.44
"Fabian Alcantara",1
"Fabian Lopez",1
"Fabian Machado",1
"Fabian Pertuz",182
"Fabian Urbina",1
"Fabricio Macias",1
"Facundo Velasquez",1
"Fadriel Cruz",1
"Faruk De La Cruz",1
"Feldi Tavarez",1
"Felix Amparo",1
"Felix Morrobel",1
"Felix Negueis",1
"Felix Reyes",168.5
"Felix Stevens",226
"Felix Taveras",1
"Felix Tena",1
"Felix Valerio",178.5
"Fenwick Trimble",1
"Fernando Caldera",75
"Fernando Diaz",1
"Fernando Hernandez",1
"Fernando Peguero",1
"Fernando Roquez",1
"Fernando Tatis Jr",622.364811320755
"Fernando Villalobos",1
"Fidel Montero",1
"Filippo Di Turi",1
"Ford Proctor",1
"Forrest Wall",172.273529411765
"Frailin Yan",1
"Frainyer Chavez",202
"Fran Alduey",1
"Franchely Silverio",1
"Franchy Cordero",99.8759090909091
"Francisco Acuna",97.5
"Francisco Alvarez",464.004735849057
"Francisco Caldera",1
"Francisco Del Valle",1
"Francisco Floyd",1
"Francisco Garcia",1
"Francisco Hernandez",1
"Francisco Lindor",673.195679245283
"Francisco Loreto",1
"Francisco Mejia",181.995882352941
"Francisco Urbaez",193.5
"Francisco Vilorio",1
"Franco Willias",1
"Frandy Duran",1
"Frandy Lafond",1
"Frank Hernandez",1
"Frank Nigro",1
"Frank Rodriguez",67.5
"Frank Schwindel",1
"Frankeli Mesta",1
"Frankie Tostado",1
"Franklin Arias",1
"Franklin Barreto",1
"Franklin Labour",1
"Franklin Rojas",1
"Franmil Reyes",110.096818181818
"Franyer Noria",1
"Franyerber Montilla",1
"Fraymi De Leon",135
"Freddie Freeman",660.043886792453
"Freddy Fermin",302.197283018868
"Freddy Guilamo",1
"Freddy Zamora",195
"Frederi Montero",1
"Frederick Bencosme",262
"Frederik Jimenez",1
"Freider Rojas",1
"Freiderman Aguilera",1
"Freili Encarnacion",1
"Freuddy Batista",162
"Freylin Minyety",1
"GJ Hill",177
"Gabe Holt",1
"Gabe Matthews",1
"Gabriel Araujo",1
"Gabriel Arias",187.693811320755
"Gabriel Bersing",1
"Gabriel Cancel",124.5
"Gabriel Cesa",1
"Gabriel Gomes",1
"Gabriel Gonzalez",217
"Gabriel Guanchez",1
"Gabriel Lara",1
"Gabriel Lopez",1
"Gabriel Maciel",1
"Gabriel Martinez",217
"Gabriel Moncada",140
"Gabriel Moreno",464.858358490566
"Gabriel Rincones Jr",207
"Gabriel Rodriguez",101
"Gabriel Silva",1
"Gabriel Terrero",1
"Gage Canning",1
"Gage Miller",62
"Gage Workman",171.633625
"Gaige Howard",1
"Garret Forrester",1
"Garret Guillemette",183
"Garrett Cooper",74.4776754716981
"Garrett Frechette",141.5
"Garrett Hampson",193.365571428571
"Garrett Hiott",1
"Garrett Martin",171
"Garrett McGowan",1
"Garrett Mitchell",443.348886792453
"Garrett Spain",191.5
"Garrett Stubbs",87.9782037735849
"Garrett Whitley",1
"Garrett Wolforth",1
"Gary Mattis",1
"Gary Sanchez",264.699132075472
"Gavin Collins",106.5
"Gavin Conticello",280
"Gavin Cross",215
"Gavin Dugas",176.5
"Gavin Logan",109.5
"Gavin Lux",443.164905660377
"Gavin Sheets",180.614256603774
"Gedionne Marlin",1
"Geisel Cepeda",147.5
"George Feliz",1
"George Lombard Jr",261.5
"George Springer",597.158490566038
"George Valera",218.5
"George Wolkow",1
"Geovanny Planchart",125.5
"Geraldi Diaz",97.5
"Geraldo Perdomo",489.407264150943
"Geraldo Quintero",218.5
"Gerardo Rodriguez",1
"German Guilarte",1
"German Ortiz",1
"German Ramirez",1
"German Tapia",1
"Gery Holguin",1
"Geuri Lubo",1
"Geury Estevez",1
"Geyber Blanco",1
"Ghordy Santos",1
"Gian Zapata",1
"Giancarlo Stanton",468.531830188679
"Gilbert Lara",1
"Gilberto Celestino",84.1665
"Gilberto Jimenez",1
"Gilberto Rojas",1
"Gino Groover",138.5
"Gio Urshela",433.806641509434
"Gionti Turner",107.5
"Givian Sirvania",1
"Gleider Figuereo",248.5
"Glenn Santiago",124
"Gleyber Torres",642.990811320755
"Godwin Bennett",1
"Gosuke Katoh",1
"Grae Kessinger",79.3697811320755
"Graham Pauley",184.942566037736
"Grant Koch",112.585
"Grant Lavigne",262.5
"Grant McCray",195.908283018868
"Grant Richardson",208.5
"Grant Williams",1
"Grant Witherspoon",170
"Graysen Tarlow",45
"Greg Allen",157.724117647059
"Greg Deichmann",1
"Greg Jones",121.26460754717
"Gregori Arias",1
"Gregori Cano",1
"Gregory Barrios",237.5
"Gregory Duran",1
"Grenyerbert Velasquez",1
"Greyber Altamirano",1
"Greylin De La Paz",1
"Greyson Jenista",1
"Griff O'Ferrall",95
"Griffin Cheney",1
"Griffin Conine",355.216320754717
"Griffin Doersching",175
"Griffin LockwoodPowell",214.5
"Gueile Borrome",1
"Guillermo Batista",1
"Guillermo Heredia",1
"Guillermo Rodriguez",1
"Guillermo Rosario",1
"Guillermo Williamson",1
"Gunnar Henderson",667.268132075472
"Gustavo Armas",1
"Gustavo Beltran",1
"Gustavo Campero",89.2872377358491
"Gustavo Marquez",1
"Guy Lipscomb",190.5
"HaSeong Kim",451.614339622642
"Hamlet Marte",1
"Handelfry Encarnacion",1
"Haniel German",1
"Hans Montero",1
"Hanser Alberto",72.6959090909091
"HaoYu  Lee",203
"Harold Castro",72.5581818181818
"Harold Gonzalez",1
"Harold Grant",1
"Harold Ramirez",144.685948571429
"Harrison Bader",314.089981132075
"Harrison Spohn",191
"Harrison Wenson",1
"Harry Ford",144.342
"Harry Owen",1
"Harvin Mendoza",1
"Hayden Alvarez",1
"Hayden Cantrelle",154.5
"Hayden Jones",1
"Hayden Senger",136
"Haydn McGeary",223.5
"Hector Campusano",1
"Hector Jimenez",1
"Hector Liriano",1
"Hector Nieves",1
"Hector Osorio",1
"Hector Rodriguez",278
"Hector Salas",1
"Hedbert Perez",94.5
"Heison Sanchez",1
"Helder Rosario",1
"Heliot Ramos",581.092339622642
"Hendrik Clementina",1
"Hendry Chivilli",1
"Hendry Mendez",184.5
"Henniel Alcala",1
"Henry Bolte",279
"Henry Davis",111.97461509434
"Henry Guerrero",1
"Henry Ramos",65.5982352941176
"Herard Gonzalez",1
"Herbert Iser",1
"Heribert Silva",1
"Heriberto Caraballo",1
"Heriberto Hernandez",231
"Heriberto Rincon",1
"Herlinton Herrera",1
"Hernan Perez",156
"Heston Kjerstad",366.762
"Heudy Pena",1
"Hill Alexander",1
"Hiroyuki Nakajima",1
"Hogan Windish",239.5
"Hojans Hernandez",1
"Homer Bush Jr",223.5
"Hoy Park",208
"Hudson Haskin",199
"Hudson Head",206.5
"Hudson Potts",1
"Hugo Sanchez",1
"Humberto Tiberi",1
"Hunter Bishop",225
"Hunter Dozier",183.577352941176
"Hunter Feduccia",86.3249063829787
"Hunter FitzGerald",151.5
"Hunter Goodman",348.833377358491
"Hunter Haas",204
"Hunter Owen",1
"Hunter Renfroe",387.015679245283
"Hunter Stovall",211.5
"Hyeseong Kim",419.829285714286
"Hyun Soo Kim",1
"Hyungchan Um",1
"Ian Dawkins",1
"Ian Happ",658.19258490566
"Ian Lewis",1
"Ian Moller",181.5
"Ian Petrutz",1
"Ichiro Cano",1
"Idalberto Santiesteban",1
"Ilan Fernandez",1
"Ildemaro Vargas",209.295542857143
"Ilvin Fernandez",1
"Imanol Vargas",1
"Irving Igualas",1
"Irving Lopez",83.2372727272727
"Isaac Bellony",1
"Isaac Collins",90.8236981132075
"Isaac De Leon",188
"Isaac Paredes",598.934188679245
"Isaac Paulino",1
"Isaac Pena",1
"Isaac Ponce",1
"Isael Arias",1
"Isaiah Drake",1
"Isaiah Greene",158
"Isaias Dipre",1
"Isan Diaz",99.6281818181818
"Isiah Gilliam",196.5
"Isiah KinerFalefa",500.449943396226
"Ismael Alcantara",1
"Ismael Del Rosario",1
"Ismael Javier",1
"Ismael Mena",1
"Ismael Munguia",196
"Israel Pineda",152.5
"Israfell Bautista",1
"Ivan Castillo",1
"Ivan Herrera",378.96058490566
"Ivan Johnson",207
"Ivan Melendez",217
"Ivan Sosa",1
"Iverson Espinoza",1
"Iverson Leonardo",1
"Izaac Pacheco",210
"Izzy Wilson",1
"JC Correa",178.5
"JC Escarra",78.1614375
"JC Masson",1
"JD Davis",146.674467924528
"JD Gonzalez",1
"JD Martinez",411.502377358491
"JD McLaughlin",1
"JD Mundy",1
"JD Orr",1
"JJ Bleday",623.393433962264
"JJ D'Orazio",177
"JJ Schwarz",1
"JJ Wetherholt",1
"JP Crawford",568.022886792453
"JP Martinez",182.320294117647
"JT Arruda",210
"JT Mabry",1
"JT Realmuto",459.372490566038
"JT Riddle",1
"JT Schwartz",215.5
"JV Martinez",1
"JaCoby Jones",1
"Jac Caglianone",73.0659125
"Jace Avina",209
"Jace Bohrofen",240.5
"Jace Grady",206
"Jace Jung",368.683679245283
"Jace Peterson",188.394705882353
"Jacen Roberson",1
"Jack Alexander",1
"Jack Blomgren",86.5
"Jack Brannigan",174.5
"Jack Conley",1
"Jack Costello",1
"Jack Dunn",214
"Jack Herman",1
"Jack Hurley",245
"Jack Larsen",1
"Jack Lopez",111.744379310345
"Jack Moss",1
"Jack Payton",134
"Jack Pineda",253.5
"Jack Reinheimer",85
"Jack Rogers",170.5
"Jack Stronach",1
"Jack Suwinski",188.461788679245
"Jack Winkler",245
"Jackie Bradley Jr",126.902647058824
"Jackson Castillo",205.5
"Jackson Chourio",633.624867924528
"Jackson Cluff",175.5
"Jackson Feltner",161
"Jackson Glenn",161.5
"Jackson Holliday",463.182245283019
"Jackson Hornung",227.5
"Jackson Loftin",168.5
"Jackson Merrill",631.282660377359
"Jacob Amaya",86.9105617021277
"Jacob Berry",249.5
"Jacob Buchberger",213.5
"Jacob Burke",157
"Jacob Campbell",155.5
"Jacob Godman",216
"Jacob Gonzalez",179.333333333333
"Jacob Heyward",1
"Jacob Hurtubise",76.0271396226415
"Jacob JenkinsCowart",1
"Jacob Melton",247.25025
"Jacob Nottingham",1
"Jacob Pearson",1
"Jacob Reimer",158
"Jacob Rhinesmith",1
"Jacob Robson",1
"Jacob Sharp",145.5
"Jacob Stallings",284.002962264151
"Jacob Teter",1
"Jacob Wetzel",192
"Jacob Wilson",462.638509433962
"Jacob Young",527.757867924528
"Jaden Rudd",156.5
"Jadher Areinamo",239.5
"Jadiel Sanchez",186
"JaeGyun Hwang",1
"Jaeden Calderon",1
"Jahmai Jones",161.904411764706
"Jair Camargo",80.5872641509434
"Jair Casanova",1
"Jairo Diaz",1
"Jairo Mendez",1
"Jairo Pomares",181.5
"Jaison Chourio",1
"Jake Alu",313.343636363636
"Jake Anchia",146
"Jake Bauers",125.768052830189
"Jake Burger",581.185150943396
"Jake Cave",221.232352941176
"Jake Cronenworth",605.833509433962
"Jake Cunningham",175.5
"Jake DeLeo",193
"Jake Fox",222
"Jake Fraley",408.529169811321
"Jake Gelof",242
"Jake Guenther",1
"Jake Hager",261
"Jake Holton",218
"Jake Lamb",171.000882352941
"Jake MacKenzie",1
"Jake Mangum",200.9325
"Jake Marisnick",122.85
"Jake McCarthy",515.007396226415
"Jake Means",1
"Jake Meyers",395.067641509434
"Jake Noll",1
"Jake Palomaki",1
"Jake Perez",1
"Jake Rogers",346.580358490566
"Jake Rucker",253.5
"Jake Scheiner",1
"Jake Slaughter",232
"Jake Snider",215
"Jake Thompson",141
"Jake Vogel",169
"Jake Washer",1
"Jakey Josepha",1
"Jakob Marsee",116.615
"Jakson Reetz",61.0364842553192
"Jalen Battles",157
"Jalen Vasquez",174
"Jamari Baylor",113.5
"James Free",365
"James McCann",219.123490566038
"James Outman",137.958003773585
"James Parker",1
"James Tibbs III",61.5
"James Triantos",240.5
"James Wood",581.399641509434
"Jameson Fisher",1
"Jameson Hannah",87.5
"Jamie Ritchie",1
"Jamie Westbrook",210.117647058824
"Jan Mercado",1
"Jancarlos Cintron",213.5
"Jancel Santana",1
"Jancel Villarroel",1
"Jancory De La Cruz",1
"Janero Miller",1
"Jansel Luis",1
"Jantzen Witte",159.5
"Jared Carr",1
"Jared Dickey",234.5
"Jared Dupere",1
"Jared McKenzie",196.5
"Jared Oliva",153.5
"Jared Serna",167.977375
"Jared Sundstrom",244
"Jared Thomas",85
"Jared Triolo",261.958396226415
"Jared Walsh",170.108235294118
"Jared Wegner",176
"Jared Young",135.529827586207
"Jarol Capellan",1
"Jarol Martinez",1
"Jarold Montealto",1
"Jaron Elkins",1
"Jarred Kelenic",263.319188679245
"Jarren Duran",651.145509433962
"Jarrod Belbin",1
"Jarrod Watkins",1
"Jarryd Dale",189.5
"Jase Bowen",247
"Jason Castro",1
"Jason Delay",104.409252830189
"Jason Hernandez",1
"Jason Heyward",320.91979245283
"Jason Hinchman",1
"Jason Krizan",1
"Jason Lopez",1
"Jason Martin",206
"Jason Matthews",188.5
"Jason Vosler",196.055882352941
"Jasson Dominguez",507.034603773585
"Jaswel De Los Santos",1
"Jauri Custodio",1
"Javier Baez",328.565509433962
"Javier Bolivar",1
"Javier Castillo",1
"Javier Francisco",1
"Javier Herrera",1
"Javier Mogollon",1
"Javier Mora",1
"Javier Osorio",1
"Javier Rivas",211
"Javier Roman",1
"Javier Sanchez",1
"Javier Sanoja",252.321169811321
"Javier Valdes",126
"Javier Vaz",256.5
"Jax Biggers",210
"Jay Allen II",222.5
"Jay Beshears",237
"Jay Harry",219
"Jayce Easley",143.5
"Jayden Felicia",1
"Jaylen Palmer",200
"Jaylin Davis",1
"Jayson Bass",1
"Jazz Chisholm Jr",599.847339622642
"Je'Von Ward",141.5
"Jean Arnaez",79
"Jean C Gutierrez",1
"Jean Carlos Sio",1
"Jean Joseph",1
"Jean Mata",1
"Jean Perez",114.5
"Jean Ramirez",155.5
"Jean Santana",1
"Jean Segura",169.581470588235
"Jean Walters",160.5
"Jed Lowrie",1
"Jediael Maduro",1
"Jeferson Espinal",1
"Jeferson Morales",198
"Jeferson Quero",73.801075
"Jeff McNeil",504.379905660377
"Jefferson Encarnacion",1
"Jefferson Pena",1
"Jefferson Rojas",207
"Jefferson Valladares",1
"Jeffrey Mercedes",1
"Jeffrey Wehler",124.5
"Jeffry Parra",1
"Jeffry Rosa",1
"Jefrey De Los Santos",188
"Jehancarlos Mendez",1
"Jehisbert Sevilla",1
"Jeimer Candelario",498.413377358491
"Jeison Guzman",1
"Jeisson Rosario",193.5
"Jelson Coca",1
"Jemone Nuel",1
"Jensy De Leon",1
"Jeral Perez",1
"Jeral Toledo",1
"Jerar Encarnacion",252.696301886792
"Jeremiah Jackson",235
"Jeremy Almonte",1
"Jeremy Arocho",210.5
"Jeremy Celedonio",124
"Jeremy Ciriaco",1
"Jeremy De La Rosa",219
"Jeremy Eierman",139.5
"Jeremy Pena",638.729660377358
"Jeremy Rivas",240
"Jeremy Rodriguez",1
"Jerffson Pena",1
"Jeron Williams",139.5
"Jerson Florentino",1
"Jesmaylin Arias",1
"Jesse Franklin V",1
"Jesse Winker",421.518905660377
"Jesus Abreu",1
"Jesus Aguilar",77.7040909090909
"Jesus Alexander",1
"Jesus Baez",153
"Jesus Bastidas",138.581
"Jesus Bugarin",178
"Jesus Castillo",1
"Jesus Castro",1
"Jesus Chirinos",193.5
"Jesus Correa",1
"Jesus Fernandez",1
"Jesus Galiz",152.5
"Jesus Gamez",1
"Jesus Hernandez",1
"Jesus Lopez",1
"Jesus Lugo",1
"Jesus Machado",1
"Jesus Made",1
"Jesus Moreno",43
"Jesus Mujica",1
"Jesus Ordonez",87
"Jesus Ortega",1
"Jesus Parra",1
"Jesus Peraza",1
"Jesus Pinto",1
"Jesus Premoli",1
"Jesus Rodriguez",176.5
"Jesus Sanchez",521.187358490566
"Jesus Superlano",1
"Jesus Torres",1
"Jesus Valdez",140.5
"Jeter Downs",173.267941176471
"Jett Williams",197
"Jhailyn Ortiz",1
"Jheremy Vargas",173.5
"Jhoan Contreras",1
"Jhoan Peguero",1
"Jhocsuanth Vargas",1
"Jhon Diaz",95.6666666666667
"Jhon Imbert",1
"Jhonayker Ugarte",1
"Jhoneiker Betancourt",1
"Jhonkensy Noel",371.428773584906
"Jhonny Level",1
"Jhonny Perdomo",1
"Jhonny Pereda",133.639150943396
"Jhonny Perez",1
"Jhonny Piron",1
"Jhonny Severino",1
"Jhonson Pena",1
"Jhorvic Abreus",1
"Jhosmmel Zue",1
"Jhostynxon Garcia",225.5
"Jhosward Camacho",1
"Ji Hwan Bae",106.330645283019
"Ji Man Choi",164.066470588235
"Jim Haley",193.5
"Jim Jarvis",247.5
"Jimmy Crooks",73.1141857142857
"Jimmy Glowenke",199
"Jimmy Govern",1
"Jimmy Herron",221
"Jirvin Morillo",1
"Jjam Alvarez",1
"Jo Adell",435.134037735849
"JoJo Blackmon",1
"Joan Acevedo",1
"Joan Delgado",1
"Joan Gutierrez",1
"Joan Sierra",1
"Joandrew Pena",1
"Joaquin Arias Jr",1
"Joc Pederson",440.378830188679
"Joe Donovan",196
"Joe Dunand",1
"Joe Gray Jr",216
"Joe Hudson",88.5
"Joe Lampe",220
"Joe Mack",116.24338
"Joe Naranjo",206
"Joe Olsavsky",151.5
"Joe Perez",199
"Joe Redfield",265.5
"Joe Rizzo",1
"Joe Stewart",175
"Joe Suozzi",151.5
"Joe Vetrano",1
"Joe Vranesh",1
"Joel Mendez",1
"Joendry Vargas",1
"Joenelly Van Der Linden",1
"Joey Bart",355.523188679245
"Joey Gallo",220.550056603774
"Joey Loperfido",199.814
"Joey Meneses",176.249068965517
"Joey Ortiz",565.690547169811
"Joey Votto",260.105909090909
"Joey Wendle",106.891150943396
"Joey Wiemer",175.9
"Johan Barrios",1
"Johan Benitez",1
"Johan Camargo",56.2472727272727
"Johan Contreras",1
"Johan Estrada",1
"Johan Ferreira",1
"Johan Lopez",1
"Johan Macias",1
"Johan Mieses",1
"Johan Rodriguez",1
"Johan Rojas",321.276377358491
"Johanfran Garcia",1
"Johmphy De La Cruz",1
"John Aiello",1
"John Andreoli",1
"John Cruz",1
"John Estevez",1
"John Garcia",177
"John Gil",1
"John Hicks",1
"John McHenry",105
"John Michael Faile",78.5
"John Peck",148.5
"John Rave",266
"John Rhodes",215
"John Santana",1
"John Zorrilla",1
"Johnabiell Laureano",1
"Johnathan Rodriguez",156.521056603774
"Johnathon Thomas",161.5
"Johnfrank Salazar",169.5
"Johnny Ascanio",174.5
"Johnny Olmstead",263
"Johnny Tincher",114
"Jommer Hernandez",93.5
"Jon Berti",230.793811320755
"Jon Singleton",158.77681509434
"Jonah Advincula",191.5
"Jonah Bride",421.553547169811
"Jonah Cox",224.5
"Jonah Davis",1
"Jonah Heim",369.449320754717
"Jonaiker Sandoval",1
"Jonatan Clase",121.369483018868
"Jonatan Yan",1
"Jonathan Aranda",373.475509433962
"Jonathan Arauz",174.002352941176
"Jonathan Davis",159.635588235294
"Jonathan Engelmann",1
"Jonathan Guzman",155.5
"Jonathan India",589.064754716981
"Jonathan Linares",1
"Jonathan Martinez",1
"Jonathan Mejia",1
"Jonathan Morales",1
"Jonathan Moya",1
"Jonathan Ornelas",89.5876085106383
"Jonathan Rangel",1
"Jonathan Rivero",1
"Jonathan Schoop",76.5327272727273
"Jonathan Taveras",1
"Jonathon Long",123.43694
"Jonny Butler",230
"Jonny DeLuca",441.30820754717
"Jonny Farmelo",1
"Jorbit Vivas",85.3951125
"Jordan Beck",371.259962264151
"Jordan Brewer",163
"Jordan Brown",1
"Jordan Cowan",1
"Jordan Diaz",216.555294117647
"Jordan Dissin",160
"Jordan Groshans",227
"Jordan Lawlar",261.887509433962
"Jordan Luplow",160.514705882353
"Jordan McCants",1
"Jordan Nwogu",191.5
"Jordan Procyshen",1
"Jordan Qsar",1
"Jordan Sanchez",1
"Jordan Sprinkle",186
"Jordan Thompson",205
"Jordan Viars",188.5
"Jordan Walker",533.48920754717
"Jordan Westburg",553.061075471698
"Jordany Oliver",1
"Jordy Barley",133
"Jordyn Adams",245.009117647059
"Jorel Ortega",237
"Jorge Alfaro",80.4077272727273
"Jorge Barrosa",98.7990113207547
"Jorge Bonifacio",1
"Jorge Burgos",203
"Jorge Caballero",144
"Jorge Garcia",1
"Jorge Hernandez",1
"Jorge Julio",1
"Jorge Lara",1
"Jorge Mateo",174.634188679245
"Jorge Mendez",1
"Jorge Ona",1
"Jorge Polanco",489.374377358491
"Jorge Puerta",1
"Jorge Quintana",1
"Jorge Ramirez",1
"Jorge Rodriguez",1
"Jorge Ruiz",230
"Jorge Soler",540.845849056604
"Jorgelys Mota",1
"Jorluis Guerra",1
"Jose  Estrada",1
"Jose Abreu",222.407037735849
"Jose Acosta",113.5
"Jose Alpuria",1
"Jose Altuve",640.240433962264
"Jose Alvarez",1
"Jose Anderson",1
"Jose Arias",1
"Jose Astudillo",1
"Jose Aular",1
"Jose Azocar",174.842941176471
"Jose Barrero",190.129117647059
"Jose Briceno",1
"Jose Caballero",312.617849056604
"Jose Caguana",1
"Jose Camacho",1
"Jose Castro",1
"Jose Cedeno",1
"Jose Cerice",1
"Jose Chacon",1
"Jose Colmenares",1
"Jose Colmenarez",1
"Jose Contreras",1
"Jose Cordero",1
"Jose Cordoba",1
"Jose Cordova",151
"Jose D Hernandez",1
"Jose De Jesus",1
"Jose De La Cruz",1
"Jose Devers",114.197173913043
"Jose Dickson",1
"Jose Dilone",1
"Jose Escobar",1
"Jose Escorche",103.5
"Jose Familia",1
"Jose Fermin",83.1396716981132
"Jose Fernandez",131.333333333333
"Jose Ferrer",1
"Jose Gerardo",1
"Jose Godoy",92
"Jose Gomez",1
"Jose Gonzalez",1
"Jose Guerra",1
"Jose Hernandez",85.5
"Jose Herrera",97.2164745762712
"Jose Iglesias",376.223905660377
"Jose Izarra",164.5
"Jose King",1
"Jose Leanez",1
"Jose Liriano",1
"Jose Marcano",1
"Jose Marchan",1
"Jose Medina",1
"Jose Mejia",1
"Jose Mena",1
"Jose Meza",1
"Jose Miranda",436.290339622642
"Jose Monserrate",1
"Jose Monzon",1
"Jose Mujica",109
"Jose Noguera",1
"Jose Ochoa",1
"Jose Pastrano",1
"Jose Paulino",1
"Jose Pena",1
"Jose Perez",1
"Jose Peroza",200
"Jose Pirela",1
"Jose Ramirez",663.465660377359
"Jose Ramos",74.25
"Jose Reyes",1
"Jose Rivera",1
"Jose Robledo",1
"Jose Rodriguez",139.666666666667
"Jose Rojas",182.5
"Jose Sabino",1
"Jose Salas",198
"Jose Sanabria",45.6666666666667
"Jose Sanchez",1
"Jose Serrano",74
"Jose Sibrian",103.5
"Jose Siri",398.542245283019
"Jose Suarez",1
"Jose Subero",1
"Jose Tena",388.26220754717
"Jose Torres",172
"Jose Torrez",1
"Jose Tovar",1
"Jose Trevino",255.116603773585
"Jose Urbina",1
"Joselin Payano",1
"Joseph Odom",1
"Joseph Rodriguez",1
"Joseph Rosa",1
"Joseph Sequera",1
"Joseph Tailor",1
"Josh Adamczewski",1
"Josh Bell",566.415886792453
"Josh Bissonette",1
"Josh Breaux",140.5
"Josh Crouch",164
"Josh Donaldson",84.6459090909091
"Josh Harrison",50.3095454545455
"Josh Hatcher",219
"Josh Hood",247.5
"Josh Jung",504.22720754717
"Josh Kasevich",260
"Josh Lester",214.103529411765
"Josh Lowe",506.272943396226
"Josh Morgan",1
"Josh Moylan",213.5
"Josh Naylor",606.761226415094
"Josh Ockimey",1
"Josh Rivera",167
"Josh Rojas",366.774905660377
"Josh Sale",1
"Josh Smith",400.172169811321
"Josh Stowers",1
"Josh VanMeter",123.5
"Josh Zamora",218
"Joshua Baez",174.5
"Joshua Day",1
"Joshua KurodaGrauer",66.5
"Joshua Liranzo",1
"Joshua Mears",156.5
"Joshua Palacios",202.755660377359
"Joshwan Wright",1
"Josi Novas",1
"Josiah Sightler",318
"Josias Ramirez",1
"Josnaider Orellana",1
"Jostyn Almonte",1
"Josue Briceno",1
"Josue Brito",1
"Josue De Paula",236.5
"Josue Gonzalez",1
"Josue Huma",1
"Josueth Quinonez",1
"Joswa Lugo",1
"Joswuill Rondon",1
"Juan Alonso",195.5
"Juan Alvarez",1
"Juan Aparicio",1
"Juan Baez",1
"Juan Benjamin",1
"Juan Brito",317.838625
"Juan Carlos Negret",1
"Juan Castillo",1
"Juan Centeno",1
"Juan Chacon",164.5
"Juan Colorado",1
"Juan Corniel",179
"Juan Espinal",1
"Juan Fernandez",1
"Juan Flores",201
"Juan Frances",1
"Juan Garcia",1
"Juan Gonzalez",1
"Juan Graterol",1
"Juan Guerrero",259
"Juan Hernandez",1
"Juan Jerez",1
"Juan Lagares",1
"Juan Machado",1
"Juan Martinez",1
"Juan Mateo",1
"Juan Matheus",1
"Juan Montero",81
"Juan Mora",1
"Juan Obispo",1
"Juan Olmos",1
"Juan Ortega",1
"Juan Ortuno",1
"Juan Perez",1
"Juan Pulinario",1
"Juan Santander",1
"Juan Sierra",1
"Juan Soto",682.157132075472
"Juan Sulbaran",1
"Juan Uribe",1
"Juan Villavicencio",1
"Juan Yepez",176.484437735849
"Juan Zabala",121.5
"Juanfel Peguero",1
"Juarlin Soto",1
"Jud Fabian",265.5
"Julian Brock",1
"Julian Escobedo",1
"Julian Hernandez",1
"Julio Carreras",211
"Julio Carrion",1
"Julio E Rodriguez",115.5
"Julio Henriquez",1
"Julio Meza",1
"Julio Rodriguez",654.115811320755
"Julio Valdez",1
"Julio Zayas",1
"July Vittini",1
"Juneiker Caceres",1
"Jung Hoo Lee",531.56058490566
"Juniel Querecuto",71.4931818181818
"Junior Aybar",1
"Junior Calderon",1
"Junior Caminero",563.615754716981
"Junior Del Valle",1
"Junior Franco",196
"Junior Garcia",1
"Junior Gonzalez",1
"Junior Marin",1
"Junior Perez",229
"Junior Quezada",1
"Junior Sanchez",1
"Junior Sanquintin",1
"Junior Tilien",222.5
"Jurdrick Profar",1
"Jurickson Profar",614.346660377358
"Justice Bigbie",255
"Justice Thompson",167.5
"Justin Barry",1
"Justin Bench",130
"Justin Boyd",67
"Justin Capellan",1
"Justin Connell",1
"Justin Crawford",248.5
"Justin Dean",213.5
"Justin Dirden",196.5
"Justin Farmer",1
"Justin Foscue",77.9351914893617
"Justin Gonzales",1
"Justin Guerrera",1
"Justin Guerrero",1
"Justin Janas",190
"Justin Johnson",194.5
"Justin Lavey",1
"Justin Lopez",1
"Justin Miknis",1
"Justin Ramirez",1
"Justin Riemer",87
"Justin Rodriguez",1
"Justin Toerner",1
"Justin Turner",477.58358490566
"Justin Upton",1
"Justin Williams",1
"Justin Wishkoski",219
"Justin Yurchak",1
"JustynHenry Malloy",171.68839245283
"KJ Harrison",1
"Ka'ai Tom",1
"Kade Kern",172.5
"Kade Kretzschmar",174.5
"Kaden Hollow",1
"Kaden Polcovich",188
"Kadon Morton",1
"Kaelen Culpepper",59.5
"Kahlil Watson",206.5
"Kai Murphy",234.5
"Kai Roberts",1
"Kala'i Rosario",209
"Kalae Harrison",128
"Kale Emshoff",165.5
"Kameron Misner",119.037969811321
"Kamren James",149
"Karell Paz",92
"Karim Ayubi",1
"Karl Ellison",1
"Karniel Pratt",1
"Karson Simas",127
"Kashon Conliffe",1
"Kay Robles",1
"KayLan Nicasia",1
"Ke'Bryan Hayes",522.837056603774
"Kean Wong",1
"Keaton Anthony",224
"Kedaur Trujillo",1
"Keegan Fish",1
"Kehden Hettiger",1
"Keiberg Camacaro",1
"Keibert Ruiz",468.167490566038
"Keiderson Pavon",1
"Keiner Delgado",1
"Keiver Garcia",1
"Kekai Rios",92
"Kellen Strahm",227
"Kellum Clark",124
"Kelvin Alcantara",1
"Kelvin Diaz",1
"Kelvin Gutierrez",1
"Kelvin Hidalgo",1
"Kelvin Melean",1
"Kemp Alderman",169
"Kendall George",1
"Kendall Simmons",144.5
"Kendrick Hernandez",1
"Kendrick Herrera",1
"Kendry Chirinos",1
"Kendry Feliz",1
"Kenedy Corona",119.907
"Kenneth Betancourt",1
"Kenni Gomez",228
"Kenny Castillo",1
"Kenny Piper",172
"Keoni Cavaco",134.5
"Kerry Carpenter",469.309301886792
"Kervin Pichardo",214.5
"Keshawn Ogans",206.5
"Keston Hiura",70.906720754717
"Ketel Marte",618.458169811321
"Kevin Alcantara",146.558834285714
"Kevin Bruggeman",144
"Kevin Cron",1
"Kevin Dume",1
"Kevin Ereu",1
"Kevin Graham",165
"Kevin Guerrero",1
"Kevin Hacen",1
"Kevin Kendall",1
"Kevin Kiermaier",171.963823529412
"Kevin Kilpatrick Jr",264.5
"Kevin Made",202
"Kevin Maitan",172
"Kevin McGonigle",160.5
"Kevin Merrell",1
"Kevin Newman",247.153679245283
"Kevin Novoa",1
"Kevin Padlo",191.902941176471
"Kevin Parada",227.5
"Kevin Pillar",186.945981132075
"Kevin Plawecki",131.5
"Kevin Richards",1
"Kevin Rivas",82.5
"Kevin Robledo",1
"Kevin Santos",1
"Kevin Sim",206.5
"Kevin Smith",175.729411764706
"Kevin Strohschein",1
"Kevin Verde",1
"Kevin Vicuna",1
"Kevin Villavicencio",186.5
"Kevin Watson Jr",1
"Kevyn Castillo",1
"Keyber Rodriguez",222.5
"Khalil Lee",1
"Khris Almonte",1
"Kiko Romero",139
"Kleimir Lemos",1
"Kleiver Chauran",1
"Klendy Leen",1
"Kleyver Salazar",1
"Kliubert Avila",1
"Kobe Kato",116
"Kody Clemens",100.188283018868
"Kody Hoese",230.5
"Kody Huff",190.5
"Kole Calhoun",64.9986363636364
"Kole Cottam",1
"Kolten Wong",168.594117647059
"Konner Piotto",108
"Korey Holland",1
"Korey Lee",238.519
"Korey Morton",90
"Korry Howell",1
"Kramer Robertson",1
"Kris Bryant",392.111264150943
"Kristian Campbell",297.90325
"Kristian Robinson",204.5
"Kurt Suzuki",1
"Kyle Battle",57.5
"Kyle Datres",170.5
"Kyle DeBarge",1
"Kyle Farmer",261.272830188679
"Kyle Garlick",229.467941176471
"Kyle Hayes",43
"Kyle Henley",1
"Kyle Hess",118.5
"Kyle Higashioka",294.829660377358
"Kyle Holder",1
"Kyle Isbel",482.281622641509
"Kyle Karros",263
"Kyle Kasser",1
"Kyle Lewis",54.7490909090909
"Kyle Manzardo",432.949905660377
"Kyle McCann",75.8832075471698
"Kyle Nevin",240.5
"Kyle Schwarber",658.503943396226
"Kyle Sinzza",1
"Kyle Stowers",433.710320754717
"Kyle Teel",218.172375
"Kyle Tucker",626.928754716981
"Kyler Castillo",1
"Kyler Fedko",172
"Kyren Paris",138.413182857143
"LJ Hatch",1
"LJ Jones",1
"LJ Talley",1
"LaMonte Wade Jr",442.425698113208
"Lamar King Jr",1
"Lamar Sparks",196
"Landon Stephens",1
"Landon Wallace",123
"Lane Thomas",571.48020754717
"Larry Martinez",1
"Lars Nootbaar",506.493452830189
"Lawrence Butler",600.938339622641
"Layant Tapia",1
"Laz Rivera",1
"Lazaro Armenteros",157.5
"Lazaro Benitez",1
"Lazaro Montes",262.5
"Lazaro Morales",1
"Leandro Alsinois",1
"Leandro Arias",186
"Leandro Cedeno",1
"Leandro Emiliani",1
"Leandro Morgado",1
"Leandro Pineda",203
"Leandro Romero",1
"Leiker Figueroa",1
"Lennyn Nunez",1
"Leny Carela",1
"Lenyn Sosa",390.97979245283
"Leo Balcazar",215
"Leo Jimenez",146.832618867925
"Leo Rivas",115.254090566038
"Leodalis De Vries",1
"Leody Taveras",390.688169811321
"Leonardo Bernal",216.5
"Leonardo Pineda",1
"Leonardo Rondon",1
"Leonel Espinoza",1
"Leonel Valera",196
"Leosdany Molina",1
"Leroy Escalante",1
"Leury Garcia",151
"Levi Jordan",175.939411764706
"Lewin De La Cruz",1
"Lewis Castillo",1
"Lexer Saduy",1
"Liam Hicks",152.079075
"Liam Spence",1
"Liosward Marin",1
"Liover Peguero",111.618471698113
"Lisandro Bonifacio",1
"Lisandro Mejia",1
"Lisbel Diaz",1
"Livan Soto",256.443823529412
"Lizandro Espinoza",1
"Lizandro Rodriguez",188
"Lizardo Ruiz",1
"Logan Brown",1
"Logan Cerny",214
"Logan Davidson",209
"Logan Driscoll",85.2217056603774
"Logan Glass",1
"Logan O'Hoppe",479.368471698113
"Logan Porter",176.991764705882
"Logan Tanner",130
"Logan Wagner",1
"Logan Warmoth",174.5
"Logan Wyatt",351
"Logun Clark",1
"Loidel Chapelli",187
"Lolo Sanchez",140.5
"Lonnie White Jr",186
"Lorenzo Cain",1
"Lorenzo Cedrola",181.5
"Lorenzo Quintana",1
"Louis Pierre",1
"Lourdes Gurriel Jr",550.190264150943
"Luca Tresh",107.5911075
"Lucas Dunn",206.5
"Lucius Fox",1
"Ludwin Tejada",1
"Ludwing Espinoza",1
"Luis Aguilera",1
"Luis Almeyda",1
"Luis Ariza",1
"Luis Arraez",639.380490566038
"Luis Aviles Jr",1
"Luis Baez",158.333333333333
"Luis Barett",1
"Luis Bolivar",1
"Luis Caicuto",130.5
"Luis Campusano",321.883471698113
"Luis Carpio",1
"Luis Castillo",1
"Luis Chevalier",1
"Luis Colon",1
"Luis Corobo",1
"Luis Cova",1
"Luis Curbelo",1
"Luis De La Cruz",1
"Luis De Leon",1
"Luis De Los Santos",105.576902857143
"Luis Durango",1
"Luis Encarnacion",192
"Luis Escudero",1
"Luis Fragoza",1
"Luis Freitez",1
"Luis Frias",1
"Luis Garcia",1
"Luis Garcia Jr",544.524094339623
"Luis Gonzalez",142.5
"Luis Guanipa",1
"Luis Guerra",1
"Luis Guerrero",1
"Luis Guevara",1
"Luis Guillorme",114.809860377358
"Luis Lameda",1
"Luis Lara",245.5
"Luis Leones",1
"Luis Liberato",167.5
"Luis Marinez",1
"Luis Marquez",1
"Luis Martinez",1
"Luis Matos",250.607641509434
"Luis Maza",1
"Luis Mendez",1
"Luis Merejo",1
"Luis Mieses",226.5
"Luis Ogando",1
"Luis Parababire",1
"Luis Paredes",1
"Luis Pena",1
"Luis Perez",1
"Luis Pineda",1
"Luis Pino",1
"Luis Puello",1
"Luis Quesada",1
"Luis Ravelo",217
"Luis Rengifo",541.788886792453
"Luis Reyes",1
"Luis Robert Jr",589.274113207547
"Luis Rodriguez",1
"Luis Rubio",1
"Luis Sanchez",1
"Luis Santana",178
"Luis Santos",1
"Luis Suarez",1
"Luis Suisbel",1
"Luis Toribio",182
"Luis Torrens",175.66558490566
"Luis Torres",1
"Luis Urias",182.080283018868
"Luis Valdez",165
"Luis Vazquez",114.742310344828
"Luis Verdugo",215.5
"Luis Vicioso",1
"Luis Watter",1
"Luis Yanel Diaz",1
"Luisangel Acuna",244.149867924528
"Luiyin Alastre",1
"Luke Adams",220
"Luke Berryhill",157.5
"Luke Brown",122
"Luke Gold",237
"Luke Keaschall",118.5008125
"Luke Maile",100.509830188679
"Luke Mann",255
"Luke Raley",452.285169811321
"Luke Ritter",253
"Luke Shliger",182
"Luke Voit",65.9627272727273
"Luke Waddell",236
"Luke Williams",92.4956
"Luken Baker",129.636875471698
"Lyle Lin",1
"Lyonell James",1
"MJ Melendez",480.30041509434
"Mac Horvath",233.5
"Mac McCroskey",182.5
"MacKenzie Mueller",1
"Maddux Houghton",1
"Madison Stokes",1
"Mahki Backstrom",122
"Maick Collado",193
"Maikel Franco",1
"Maikel Garcia",570.375452830189
"Maikel Hernandez",1
"Maikol Escotto",143.5
"Maikol Hernandez",1
"Maikol Munoz",1
"Maikol Orozco",1
"Mairoshendrick Martinus",1
"Malcolm Moore",55
"Malcom Nunez",248
"Malcom Quintero",1
"Malvin Valdez",1
"Manni Ramirez",1
"Manny Machado",640.202169811321
"Manny Pina",42.8477272727273
"Manny Rodriguez",1
"Manolfi Jimenez",1
"Manuel Beltre",1
"Manuel Cabrera",1
"Manuel De Cesare",1
"Manuel Dos Passos",1
"Manuel German",1
"Manuel Guance",1
"Manuel Margot",300.15141509434
"Manuel Mejias",1
"Manuel Palencia",1
"Manuel Pena",255
"Manuel Sequera",1
"Marc Filia",1
"Marcell Ozuna",634.187528301887
"Marcelo Alcala",1
"Marcelo Mayer",79.5775875
"Marcelo Perez",1
"Marco Luciano",145.37841509434
"Marco Marcelino",1
"Marco Soto",68
"Marco Vargas",1
"Marcos Cabrera",1
"Marcos Castanon",247.5
"Marcos De La Rosa",84.5
"Marcos Gonzalez",1
"Marcos Terrero",1
"Marcos Torres",1
"Marcus Brown",202.5
"Marcus Chiu",1
"Marcus Lee Sang",235
"Marcus Semien",663.818226415094
"Marcus Smith",193
"Marcus Wilson",1
"Mariano Ricciardi",1
"Mario Baez",1
"Mario Camilletti",213.5
"Mario Gomez",1
"Mark Canha",395.02320754717
"Mark Coley II",247.5
"Mark Contreras",198.5
"Mark Kolozsvary",69
"Mark Mathias",122.433636363636
"Mark Payton",218.5
"Mark Vientos",614.335358490566
"Martin Gimenez",1
"Martin Gonzalez",1
"Martin Maldonado",81.9920641509434
"Martin Tamara",1
"Marty Costes",143.5
"Marvin Alcantara",1
"Marwin Gonzalez",1
"Marwin Rivero",1
"Masataka Yoshida",458.098547169811
"Mason Auer",223.5
"Mason Bolivar",1
"Mason Martin",202
"Mason McCoy",85.1620510638298
"Masyn Winn",645.21641509434
"Mat Nelson",168
"Mateo Gil",175.5
"Matheus Lelis",1
"Matt Beaty",132.137352941176
"Matt Carpenter",135.029320754717
"Matt Chamberlain",1
"Matt Chapman",636.349301886792
"Matt Coutney",251
"Matt Davidson",1
"Matt Donlan",1
"Matt Duffy",136.773301886792
"Matt Fraizer",216
"Matt Gorski",213
"Matt Higgins",204
"Matt Hogan",171
"Matt Koperniak",92.6498285714286
"Matt Kroon",175.5
"Matt Lipka",1
"Matt Lloyd",219
"Matt McLain",532.364150943396
"Matt Mervis",277.160188679245
"Matt O'Neill",108
"Matt Olson",669.89579245283
"Matt Pita",1
"Matt Reynolds",61.2718181818182
"Matt Rudick",220.5
"Matt Scheffler",1
"Matt Shaw",501.828125
"Matt Suggs",91
"Matt Thaiss",151.452283018868
"Matt Vierling",528.177452830189
"Matt Wallner",504.368603773585
"Matt Whatley",112
"Matt Winaker",1
"Matthew Barefoot",1
"Matthew Batten",236.161176470588
"Matthew Clayton",1
"Matthew Dyer",101
"Matthew Etzel",237.5
"Matthew Lugo",69.1168857142857
"Matthew Wood",205.5
"Maui Ahuna",1
"Mauricio Dubon",333.094452830189
"Mauricio Pierre",1
"Maverick Handley",157.5
"Max Acosta",96.3436375
"Max Anderson",281
"Max Burt",156.5
"Max Clark",258.5
"Max Ferguson",191.5
"Max Hewitt",1
"Max Kepler",462.317037735849
"Max McDowell",116.5
"Max Muncy",332.78864950495
"Max Schrock",1
"Max Schuemann",231.523075471698
"Max Stassi",23.12295
"Max Wagner",171
"Max Wright",1
"Maximo Maria",1
"Maxwell Costes",111.5
"Maxwell Romero Jr",152
"Maykel Minoso",1
"Maylerson Casanova",1
"McCarthy Tatum",1
"Meibrys Viloria",111.541818181818
"Merphy Hernandez",1
"Meylin De Leon",1
"Micael Ramirez",116
"Micah Pries",196.5
"Michael A Taylor",216.966132075472
"Michael Amditis",1
"Michael Arroyo",285.5
"Michael Baez",1
"Michael Beltre",1
"Michael Berglund",1
"Michael Brantley",67.5731818181818
"Michael Busch",584.81220754717
"Michael Cantu",1
"Michael Chavis",202.097941176471
"Michael Conforto",465.247226415094
"Michael Curialle",175.5
"Michael De La Cruz",142.5
"Michael De Leon",1
"Michael Gigliotti",1
"Michael Guzman",1
"Michael Harris II",599.885811320755
"Michael Helman",106.797916981132
"Michael Hermosillo",1
"Michael Mantecon",1
"Michael Martinez",1
"Michael Massey",487.067679245283
"Michael Papierski",162.5
"Michael Perez",158.400882352941
"Michael Reed",1
"Michael Sandle",1
"Michael Siani",253.437283018868
"Michael Stefanic",114.310902857143
"Michael Toglia",538.266943396226
"Michael Trautwein",160.5
"Michael Turconi",202.5
"Michael Turner",189
"Michel Triana",1
"Michell Ojeda",1
"Micker Adolfo",1
"Mickey Gasper",107.186354285714
"Mickey McDonald",1
"Mickey Moniak",315.419830188679
"Miguel Amaya",322.517377358491
"Miguel Andujar",322.69158490566
"Miguel Blanco",1
"Miguel Bleis",208.5
"Miguel Briceno",1
"Miguel Cabrera",51.2940909090909
"Miguel Dominguez",1
"Miguel Fabrizio",1
"Miguel Hernandez",106
"Miguel Hiraldo",176
"Miguel Lopez",1
"Miguel Pabon",1
"Miguel Palma",146
"Miguel Perez",1
"Miguel Rivera",1
"Miguel Rodriguez",1
"Miguel Rojas",213.271226415094
"Miguel Sano",108.76138490566
"Miguel Sosa",1
"Miguel Tamares",1
"Miguel Ugueto",126
"Miguel Vargas",406.415016949153
"Miguel Villarroel",214.5
"Mike Antico",256
"Mike Boeve",180
"Mike Brosseau",84.8318
"Mike Ford",155.152647058824
"Mike Jarvis",148.5
"Mike Moustakas",73.9209090909091
"Mike Peabody",1
"Mike Salvatore",1
"Mike Tauchman",394.651377358491
"Mike Trout",474.129301886792
"Mike Yastrzemski",482.178622641509
"Mike Zunino",74.8272727272727
"Mikey Kane",1
"Mikey Perez",1
"Mikey Romero",190.5
"Milan Tolentino",235
"Miles Mastrobuoni",97.9274264150943
"Milkar Perez",1
"Milo Rushford",1
"Misael Gonzalez",1
"Misael Mojica",1
"Misael Urbina",199
"Mitch Garver",320.18520754717
"Mitch Haniger",365.414320754717
"Mitch Jebb",258
"Mitch Longo",1
"Mitch Nay",1
"Mitchell Daly",1
"Mitchell Tolman",1
"Modeifi Marte",1
"Moises Alcala",1
"Moises Ballesteros",91.469775
"Moises Bolivar",1
"Moises Castillo",1
"Moises De La Rosa",1
"Moises Febrillet",1
"Moises Gallardo",1
"Moises Gomez",213.5
"Moises Lopez",1
"Moises Molero",1
"Moises Moreno",1
"Moises Paiva",1
"Moises Polanco",1
"Moises Semerite",1
"Moises Valdez",1
"Moises Valero",1
"Monte Harrison",1
"Mookie Betts",649.277679245283
"Morgan McCullough",148.5
"Murphy Stehly",147.5
"Myles Emmerson",110.5
"Myles Naylor",1
"Myles Straw",137.469520754717
"Nacho Alvarez Jr",107.665630188679
"Narbe Cruz",155.5
"Narciso Crook",1
"Narciso Polanco",1
"Nash Knight",1
"Nasim Nunez",102.309177358491
"Natanael Santana",1
"Natanael Yuten",1
"Nate Baez",146
"Nate Eaton",189.132647058824
"Nate Furman",167.5
"Nate Mondou",213
"Nate Nankil",249.5
"Nate Rombach",1
"Nate Soria",1
"Nathan Church",261.5
"Nathan Hickey",224
"Nathan Lukes",150.736818867925
"Nathan Martorella",266
"Nathanael Rodriguez",1
"Nathaniel Lowe",603.208018867925
"Nathaniel Ochoa Leyva",1
"Nazzan Zanetello",1
"Nehomar Ochoa Jr",1
"Neifi Vasquez",1
"Nelly Taylor",250.5
"Nelson Aranguren",1
"Nelson Beltran",1
"Nelson Cruz",162.471
"Nelson Marin",1
"Nelson Medina",101.5
"Nelson Quiroz",98.5
"Nelson Rada",270
"Nelson Velazquez",195.933132075472
"Nerio Rodriguez",1
"Nerwilian Cedeno",214
"Nestor Chevalier",1
"Nestor Urbina",1
"Neurelin Montero",1
"Newremberg Rondon",1
"Ney Serrano",1
"Neyfy Castillo",237.5
"Nic Kent",194
"Nicandro Aybar",1
"Nicholas Northcut",207
"Nick Ahmed",74.2091411320755
"Nick Allen",169.147018867925
"Nick Banks",1
"Nick Biddison",166
"Nick Castellanos",610.772905660377
"Nick Cimillo",214
"Nick Clarno",66.5
"Nick Dalesandro",1
"Nick Decker",124.5
"Nick Dini",1
"Nick Dunn",214.5
"Nick Fortes",339.895056603774
"Nick Gile",1
"Nick Gonzales",478.443339622641
"Nick Goodwin",236.5
"Nick Gordon",162.646914285714
"Nick Kahle",79
"Nick Kurtz",117.235857142857
"Nick Loftin",173.787981132075
"Nick Lorusso",179.5
"Nick Lucky",113.5
"Nick Madrigal",104.777049056604
"Nick Martini",171.459705882353
"Nick Maton",81.2798113207547
"Nick Meyer",1
"Nick Morabito",255.5
"Nick Peoples",1
"Nick Plummer",1
"Nick Podkul",147
"Nick Pratto",124.194283018868
"Nick Raposo",131
"Nick Schnell",202
"Nick Schwartz",1
"Nick Senzel",148.284509433962
"Nick Shumpert",1
"Nick Sogard",100.139290566038
"Nick Solak",191
"Nick Tanielu",1
"Nick Vogt",418
"Nick Ward",185.5
"Nick Yorke",234.795283018868
"Nicky Lopez",140.73738490566
"Nico Hoerner",565.830962264151
"Nicolas Deschamps",99.5
"Nicolas Torres",1
"Nik McClaughry",145.5
"Nikau PouakaGrego",1
"Niko Decolati",1
"Niko Goodrum",123.835588235294
"Niko Hulsizer",1
"Niko Kavadas",103.791258490566
"Niurby Asigen",1
"Nixson Cueche",1
"Noah Campbell",163
"Noah Cardenas",175
"Noah Mendlinger",211.5
"Noah Miller",293.5
"Noah Myers",183.5
"Noah Williams",1
"Noah Williamson",1
"Noelberth Romero",198.5
"Noelvi Marte",228.594867924528
"Nolan Arenado",622.620245283019
"Nolan Beltran",1
"Nolan Gorman",353.054547169811
"Nolan Jones",479.199452830189
"Nolan McLean",72
"Nolan Schanuel",561.365509433962
"Nomar Fana",1
"Nomar Velasquez",1
"Norichika Aoki",1
"Norkis Marcos",1
"Odalys Peguero",1
"Oliver Carrillo",200
"Oliver Cedeno",1
"Oliver Dunn",259.98058490566
"Oliver Tejada",1
"Olivier Basabe",1
"Omar Alfonzo",217.5
"Omar De Los Santos",198
"Omar Estevez",1
"Omar Florentino",1
"Omar Hernandez",168
"Omar Martinez",216
"Omar Mejia",1
"Omar Meregildo",1
"Omar Narvaez",71.5892981132075
"Omar Nuel",1
"Omar Reyes",1
"Omar Urbina",1
"Omari Daniel",1
"Oneil Cruz",614.454169811321
"Oneill Manzueta",1
"Onil Perez",181.5
"Onix Vega",123.5
"Orelvis Martinez",224.235811320755
"Orlando Arcia",530.504962264151
"Orlando Martinez",211
"Orlando Pacheco",1
"Oscar Aponte",1
"Oscar Cedeno",1
"Oscar Colas",206.022113207547
"Oscar Colina",1
"Oscar Gonzalez",107.859252830189
"Oscar Mercado",161.582
"Oscar Santos",1
"Oscar Silverio",1
"Osiris Johnson",142
"Osleivis Basabe",83.5479361702128
"Osmy Gregorio",1
"Osvaldo Heredia",1
"Osvaldo Tovalin",197.5
"Oswal Rada",1
"Oswald Peraza",260.736641509434
"Oswaldo Cabrera",343.924849056604
"Oswaldo Ladera",1
"Oswaldo Linares",1
"Oswaldo Osorio",1
"Oswaldo Patino",1
"Otto Kemp",252
"Otto Lopez",450.472169811321
"Ovandy Frias",1
"Owen Caissie",118.7902375
"Owen Miller",177.384117647059
"Ozzie Albies",611.346679245283
"PJ Higgins",231.5
"PJ Hilson",179.5
"PK Morris",1
"Pablo Aliendo",160
"Pablo Arosemena",1
"Pablo Guerrero",1
"Pablo Reyes",180.659117647059
"Paris Johnson",1
"Parker Chavers",170
"Parker Meadows",544.464056603774
"Pascanel Ferreras",222.5
"Pascual Archila",1
"Pat DeMarco",1
"Pat Valaika",1
"Patrick Bailey",454.493433962264
"Patrick Dorrian",175.5
"Patrick Frick",1
"Patrick Kivlehan",1
"Patrick Lee",128.5
"Patrick Romeri",1
"Patrick Winkel",157
"Patrick Wisdom",220.124705882353
"Paul DeJong",293.087094339623
"Paul Goldschmidt",617.48658490566
"Paul McIntosh",209
"Paul Witt",126.5
"Paulino Santana",1
"Paulo Asprilla",1
"Pavin Smith",338.278377358491
"Paxton Wallace",1
"Payton Eeles",127.22092
"Payton Henry",95.5
"Pedro Blanco",1
"Pedro Castellanos",1
"Pedro Catuy",1
"Pedro Dalmagro",1
"Pedro Hernandez",1
"Pedro Ibarguen",1
"Pedro Leon",152.200649056604
"Pedro Martinez",1
"Pedro Pages",234.686358490566
"Pedro Pineda",1
"Pedro Ramirez",258
"Pedro Roque",1
"Pedro Severino",1
"Pedro Tovar",1
"Pete Alonso",647.774924528302
"Pete CrowArmstrong",543.32020754717
"Peter Burns",42
"Petey Halpin",82.6918875
"Peyton Burdick",197.317352941176
"Peyton Graham",120
"Peyton Williams",179
"Peyton Wilson",254
"Phil Clarke",156
"Phil Gosselin",1
"Phillando Williams",1
"Phillip Evans",386
"Phillip Glasser",230
"Phillip Sikes",220.5
"PierOlivier Boucher",1
"Pierce Bennett",172.5
"Poncho Ruiz",194
"Preston Palmeiro",1
"Preston Tucker",1
"Queni Pineda",1
"Quin Cotton",1
"Quincy Hamilton",120.6995
"Quincy McAfee",174
"Quincy Nieporte",175
"Quincy Scott",186.5
"Quinn Brodey",1
"Quinn McDaniel",250.5
"RJ Schreck",254
"RJ Yeager",237
"Rabel Colon",1
"Rafael Alvarez",1
"Rafael Castillo",1
"Rafael Cruz",1
"Rafael Devers",647.385641509434
"Rafael Escalante",1
"Rafael Flores",1
"Rafael Lantigua",261.5
"Rafael Marchan",133.887426415094
"Rafael Martinez",1
"Rafael Medina",1
"Rafael Morel",173.5
"Rafael Ortega",173.957647058824
"Rafael Ramirez",1
"Rafael Ramirez Jr",1
"Rafhlmil Torres",1
"Rafy Peguero",1
"Railin Familia",1
"Railin Tea",1
"Railin Tejada",1
"Raily Liriano",1
"Raimel Medina",1
"Raimel Tapia",104.758181818182
"Raimfer Salinas",1
"Raimundo De Los Santos",1
"Rainer Nunez",234.5
"Rainer Reyes",1
"Rainiel Rodriguez",1
"Ralphy Velazquez",238.5
"Ramiro Altagracia",1
"Ramiro Dominguez",1
"Ramon Landaeta",1
"Ramon Laureano",262.98541509434
"Ramon Mendoza",139.5
"Ramon Moreno",1
"Ramon Peralta",1
"Ramon Ramirez",1
"Ramon Rodriguez",142
"Ramon Urias",276.664396226415
"Ramses Malave",1
"Ramses Velazquez",1
"Randal Grichuk",278.900339622642
"Randel Mondesi",1
"Randy Arozarena",632.929830188679
"Randy Bednar",1
"Randy De Jesus",1
"Randy Florentino",91.5
"Randy Guzman",1
"Randy Martinez",1
"Randy Perea",1
"Randy Soto",1
"Randy Vasquez",1
"Rashawn Pinder",1
"Raudelis Martinez",161.5
"Raudy De Los Santos",1
"Raul Guzman",1
"Ray Garrett",1
"RayJacson Chirino",1
"RayPatrick Didder",206.5
"Raylin Heredia",1
"Raylin Ramos",1
"Rayne Doncon",225
"Raynel Delgado",197
"Rayner Santana",1
"Raynerd Ortega",1
"Raynier Ramirez",1
"Rece Hinds",180.045074285714
"Reece Walling",1
"Reed Trimble",115.5
"Reese McGuire",60.9526490566038
"Reginald Preciado",1
"Reidy Mercado",1
"Reinaldo De La Cruz",1
"Reinaldo Ilarraza",1
"Reiner Herrera",1
"Reivaj Garcia",197
"Reminton Batista",1
"Renair Manrique",1
"Rene Pinto",68.61764
"Reniel Diaz",1
"Renny Hidalgo",1
"Reyden Hidalgo",1
"Reyli Mariano",1
"Reylin Perez",1
"Reynaldo De La Paz",1
"Rhylan Thomas",234
"Rhys Hoskins",536.376886792453
"Ricardo Cabrera",1
"Ricardo Cova",1
"Ricardo Genoves",153.5
"Ricardo Gonzalez",1
"Ricardo Hurtado",1
"Ricardo Mendez",1
"Ricardo Olivar",216
"Ricardo Paez",1
"Ricardo Pena",1
"Ricardo Rosario",1
"Richard Matic",1
"Richard Meran",1
"Richard Paz",1
"Richard Ramirez",1
"Richard Urena",1
"Richie Martin",1
"Richie Palacios",344.32941509434
"Rickardo Perez",1
"Ricson Gonzalez",1
"Rikelbin De Castro",1
"Rikuu Nishida",281.5
"Riley Adams",142.108320754717
"Riley Delgado",1
"Riley Greene",615.199150943396
"Riley Mahan",1
"Riley Tirotta",208.5
"Riley Unroe",176.5
"Rio Foster",1
"Ripken Reyes",237.5
"Riquelmin Cabral",1
"Rivaldo Avila",1
"River Town",179.5
"Rixon Wingrove",179.5
"Rob Brantly",107.580882352941
"Rob Refsnyder",244.621905660377
"Robbie Glendinning",1
"Robbie Grossman",218.951698113208
"Robbie Tenerowicz",223.5
"Robby Martin Jr",149.5
"Robel Garcia",1
"Robert Arias",1
"Robert Brooks",83
"Robert Calaz",1
"Robert De Paula",1
"Robert Emery",1
"Robert Gonzalez",1
"Robert Hassell III",90.4709875
"Robert Hipwell",1
"Robert Lopez",1
"Robert Moore",239
"Robert Neustrom",1
"Robert Perez",1
"Robert Perez Jr",252
"Robert Puason",1
"Robert Robertis",1
"Robert Santos",1
"Roberto Alvarez",1
"Roberto Campos",240.5
"Roberto Chirinos",1
"Roberto Martinez",1
"Roberto Perez",78.3381818181818
"Robin Ortiz",1
"Robinson Chacon",1
"Robinson Chirinos",1
"Roby Enriquez",1
"Roc Riggio",237.5
"Rocky Solano",1
"Roderick Arias",1
"Roderick Flores",1
"Rodney Green",1
"Rodolfo Castro",212.980588235294
"Rodolfo De La Cruz",1
"Rodolfo Duran",156.5
"Rodolfo Nolasco",198.5
"Roger Lasso",1
"Roger Leyton",1
"Roiber Niazoa",1
"Roilan Machandy",1
"Roiner Quintana",1
"Roinny Aguiar",1
"Roismar Quintana",172
"Rolando Espinosa",156
"Roldy Brito",1
"Rolphy Cruz",1
"Roman Anthony",393.4935
"Roman Quinn",1
"Romel Mendez",1
"Romeo Sanabria",259.5
"Romtres Cabrera",1
"Romy Gonzalez",156.825067924528
"Ronaiker Palma",119
"Ronal Antigua",1
"Ronald Acuna Jr",538.640075471698
"Ronald Guzman",1
"Ronald Hernandez",215
"Ronald Pena",1
"Ronald Ramirez",1
"Ronald Rosario",209.5
"Ronald Torreyes",1
"Ronaldo Flores",108.5
"Ronaldo Hernandez",179
"Roni Cabrera",1
"Ronny Hernandez",1
"Ronny Mauricio",135.115135849057
"Ronny Polanco",1
"Ronny Rojas",1
"Ronny Simon",260
"Ronny Ugarte",1
"Roosbert Tapia",1
"Roque Salinas",1
"Rosman Verdugo",251.5
"Ross Adolph",1
"Ross Friedrick",1
"Rougned Odor",80.81
"Rowdey Jordan",231.5
"Rowdy Tellez",275.727603773585
"Royce Lewis",515.308320754717
"Roylems Rangel",1
"Roynier Hernandez",1
"Rubel Cespedes",228
"Ruben Cardenas",209
"Ruben Ibarra",206.5
"Ruben Santana",1
"Ruben Vizcaya",1
"Rudy Martin",1
"Ryan Bliss",201.714358490566
"Ryan Boldt",1
"Ryan Burrowes",1
"Ryan Casteel",213
"Ryan Castillo",1
"Ryan Cermak",105
"Ryan Clifford",280.5
"Ryan Fitzgerald",208
"Ryan Galanie",219
"Ryan Goins",1
"Ryan Gold",1
"Ryan Higgins",159
"Ryan Holgate",1
"Ryan Ignoffo",202
"Ryan Jeffers",403.568735849057
"Ryan Johnson",200
"Ryan Kreidler",54.9935094339623
"Ryan LaMarre",1
"Ryan Lasko",282.5
"Ryan Lavarnway",1
"Ryan Leitch",62.5
"Ryan McCarthy",1
"Ryan McCarty",222.5
"Ryan McKenna",140.060588235294
"Ryan McMahon",623.257264150943
"Ryan Mountcastle",509.023150943396
"Ryan Nicholson",1
"Ryan Noda",94.6241094339623
"Ryan O'Hearn",408.883452830189
"Ryan Reckley",1
"Ryan Ritter",221
"Ryan Spikes",210.5
"Ryan Vilade",137.596896551724
"Ryan Ward",265
"Ryan Wilson",1
"Ryan Wrobleski",128
"Ryder Jones",1
"Rylan Bannon",220.357647058824
"Sabin Ceballos",263
"Sahid Valenzuela",138
"Sal Frelick",468.603716981132
"Sal Gozzo",1
"Sal Stewart",213.5
"Salvador Perez",587.533641509434
"Sam Brown",260
"Sam Haggerty",140.48
"Sam Hilliard",290.552056603774
"Sam Huff",82.5516603773585
"Sam Kulasingam",99
"Sam Mongelli",182.5
"Sam Praytor",100
"Sam Shaw",1
"Samad Taylor",241.899117647059
"Samil De La Rosa",1
"Samil Dishmey",1
"Sammy Hernandez",186
"Sammy Infante",163
"Sammy Siani",119.851
"Sammy Stafura",1
"Samuel Basallo",273
"Samuel Brito",1
"Samuel Camacaro",1
"Samuel Capellan",1
"Samuel Escudero",1
"Samuel Estevez",1
"Samuel Gil",1
"Samuel Gonzalez",1
"Samuel Munoz",1
"Samuel Parra",1
"Samuel Reyes",1
"Samuel Rodriguez",1
"Samuel Rojas",1
"Samuel Zavala",253.5
"Sandro Fabian",225.805
"Sandro Gaston",1
"Sandro Pereira",1
"Sandy Leon",98.1529411764706
"Sandy Luciano",1
"Sandy Ruiz",1
"Sandy Sanchez",1
"Santiago Camacho",1
"Santiago Chavez",1
"Santiago Contreras",1
"Santiago Espinal",241.093622641509
"Santiago Gomez",1
"Santiago Millan",1
"Santiago Pinto",1
"Santiago Prado",1
"Santiago Torres",1
"Santiago Ustariz",1
"Satchell Norman",1
"Saul Bautista",1
"Saul Gomez",1
"Scott Bandura",185.5
"Scott Hurst",1
"Scott Kapers",105.5
"Scott Kingery",106.4906625
"Scott Manea",1
"Scott Schebler",1
"Scott Schreiber",1
"Sean Bouchard",185.43541509434
"Sean McLain",196.5
"Sean Murphy",415.902603773585
"Sean Roby",141.5
"Sebastian  Rivero",131.5
"Sebastian Baquera",1
"Sebastian Cadiz",1
"Sebastian Castro",1
"Sebastian De Andrade",1
"Sebastian De Los Santos",1
"Sebastian Espino",1
"Sebastian Walcott",249
"Seby Zavala",70.8159962264151
"Seiya Suzuki",597.803886792453
"Sergio Alcantara",217
"Sergio Campana",126.5
"Sergio Gutierrez",1
"Sergio Tapia",1
"Seth Beer",217
"Seth Brown",346.952603773585
"Seth Gray",1
"Seth Stephenson",246.5
"Shalin Polanco",1
"Shane Matheny",189.5
"Shane McGuire",168.5
"Shane Muntz",1
"Shane Sasaki",166
"Shane Selman",1
"Shawn Goosenberg",212.5
"Shawn Ross",177
"Shay Whitcomb",168.909139622642
"Shayne Fontana",158.5
"Shea Langeliers",501.586264150943
"Shed Long Jr",1
"Sheldon Neuse",1
"ShengEn Lin",1
"ShengPing Chen",148.5
"Shervyen Newton",171.5
"Shogo Akiyama",1
"Shohei Ohtani",659.846547169811
"Silas Ardoin",199.5
"Simon Juan",1
"Simon Muzziotti",183
"Simon Whiteman",1
"Skye Bolt",104
"Skyler Messinger",159
"Solomon Maguire",1
"Sonny DiChiara",195.5
"Spence Coffman",1
"Spencer Bramwell",1
"Spencer Henson",1
"Spencer Horwitz",462.504679245283
"Spencer Jones",267
"Spencer Nivens",205
"Spencer Packard",215.5
"Spencer Steer",582.364547169811
"Spencer Torkelson",311.111679245283
"Stanley Consuegra",242
"Stanley Tucker",1
"Starlin Aguilar",1
"Starlin Gill",1
"Starling Marte",308.355094339623
"Starlyn Caba",1
"Starlyn Nunez",1
"Steele Walker",1
"Stephen Paolini",206
"Stephen Piscotty",89
"Stephen Scott",175
"Stephen Vogt",1
"Sterlin Thompson",244
"Steven Duggar",1
"Steven Kwan",648.348773584906
"Steven Leyton",1
"Steven Madero",1
"Steven Rivas",1
"Steven Santos",1
"Steven Souza Jr",1
"Stevie Berman",1
"Steward Berroa",73.7321846808511
"Stiven Acevedo",1
"Stiven Flores",1
"Stiven Martinez",1
"Stone Garrett",106.831637735849
"Stone Russell",1
"Straton Podaras",1
"Stuart Fairchild",249.842150943396
"TJ Friedl",510.646056603774
"TJ Hopkins",178.557941176471
"TJ Rumfield",229
"TJ SchofieldSam",231.5
"TJ White",211
"TJayy Walton",1
"TT Bowens",202
"Tai Peete",1
"Taishi Nakawake",111.5
"Tanner Allen",147.5
"Tanner Kirwer",1
"Tanner Morris",356
"Tanner Murphy",1
"Tanner Murray",202.5
"Tanner O'Tremba",150
"Tanner Schobel",258.5
"Tanner Tredaway",1
"Tatem Levins",152
"Tavano Baker",1
"Tavian Josenberger",182
"Tayden Hall",197
"Tayler Aguilar",1
"Taylor Davis",1
"Taylor Gushue",1
"Taylor Jones",1
"Taylor Kohlwey",203.561176470588
"Taylor Motter",84.98
"Taylor Snyder",1
"Taylor Trammell",255.622849056604
"Taylor Walls",236.473698113208
"Taylor Ward",630.460452830189
"Taylor Young",258.5
"Teoscar Hernandez",628.970849056604
"Terence Doston",88
"Termarr Johnson",275.5
"Terrell Tatum",244
"Terrin Vavra",146.620588235294
"Tevin Tucker",1
"Thairo Estrada",460.696867924528
"Thayron Liranzo",224
"Thomas Francisco",1
"Thomas Gavello",167.5
"Thomas Jones",1
"Thomas Milone",1
"Thomas Saggese",348.080188679245
"Thomas Sosa",189.5
"Tim Anderson",144.6626
"Tim Beckham",1
"Tim Borden II",149.5
"Tim Elko",108.8476875
"Tim Locastro",111.059411764706
"Tim Lopes",1
"Tim Susnara",1
"Tim Tawa",104.524575
"Tirso Ornelas",383.363875
"Toby Simmons",1
"Toby Welk",1
"Todd Lott",1
"Tom Murphy",173.378094339623
"Tomas Frick",1
"Tomas Nido",84.0299245283019
"Tommy Edman",538.387886792453
"Tommy Hawke",1
"Tommy Jew",1
"Tommy La Stella",48.3681818181818
"Tommy Pham",462.077018867925
"Tommy Sacco Jr",242.5
"Tommy Specht",1
"Tommy Stevenson",1
"Tommy Troy",152.5
"Tommy White",1
"Tony Blanco Jr",1
"Tony Bullard",143
"Tony Kemp",109.543896551724
"Tony Ruiz",1
"Tony Wolters",1
"Torii Hunter Jr",1
"Torin Montgomery",161
"Travis Bazzana",196.367
"Travis Blankenhorn",210.802941176471
"Travis Demeritte",1
"Travis Jankowski",171.337679245283
"Travis Shaw",1
"Travis Swaggerty",1
"Travis d'Arnaud",279.977433962264
"Trayce Thompson",198.837352941176
"Tre Richardson",174
"Tre' Morgan",230.5
"Trea Turner",632.90820754717
"Trei Cruz",235
"Trendon Craig",1
"Trent Farquhar",171.5
"Trent Giambrone",1
"Trent Grisham",227.500471698113
"Trent Tingelstad",1
"Trenton Brooks",136.491068965517
"Tres Barrera",74.6686363636364
"Tres Gonzalez",214.5
"Trevor Boone",132.5
"Trevor Hauver",221
"Trevor Larnach",461.288188679245
"Trevor Schwecke",184
"Trevor Story",490.038226415094
"Trevor Werner",239
"Trey Amburgey",1
"Trey Cabbage",211.136470588235
"Trey Faltine",147.5
"Trey Harris",171.5
"Trey Lipscomb",136.962803773585
"Trey Mancini",45.2688551724138
"Trey Paige",198
"Trey Sweeney",352.620471698113
"Tristan Gray",243.666176470588
"Tristan Peters",241.5
"Tristen Lutz",1
"Tristin English",224.5
"Triston Casas",561.057603773585
"Troy Claunch",122
"Troy Johnston",259
"Troy Schreffler",133.5
"TsungChe Cheng",265
"Tucker Barnhart",42.6105098113208
"Tucker Bradley",1
"Tucker Flint",269
"Tucker Mitchell",132.5
"Tucker Toman",1
"Tucupita Marcano",88.6663636363636
"Turner Hill",217.5
"Ty Duvall",1
"Ty France",399.69120754717
"Ty Hanchey",1
"Tyler Black",311.350811320755
"Tyler Callihan",66.5697428571429
"Tyler Collins",1
"Tyler Cropley",80.2359090909091
"Tyler Dearden",147
"Tyler Esplin",1
"Tyler Fitzgerald",527.662056603774
"Tyler Freeman",183.100245283019
"Tyler Gentry",99.1807735849057
"Tyler Hardman",201
"Tyler Heineman",152.34758490566
"Tyler Locklear",166.157169811321
"Tyler McDonough",226
"Tyler Miller",203
"Tyler Naquin",93.5327272727273
"Tyler Neslony",162
"Tyler Nevin",210.038823529412
"Tyler O'Neill",477.839867924528
"Tyler Osik",1
"Tyler Payne",129
"Tyler Reichenborn",1
"Tyler Robertson",156
"Tyler Rodriguez",1
"Tyler Soderstrom",506.307377358491
"Tyler Stephenson",468.431528301887
"Tyler Tolbert",263
"Tyler Tolve",159
"Tyler Wade",155.938264150943
"Tyler Whitaker",125.5
"Tyreque Reed",1
"Tyresse Turner",132.5
"Tyrone Taylor",325.145603773585
"Vaughn Grissom",166.285150943396
"Vaun Brown",155.5
"Viandel Pena",198
"Vicent Nunez",1
"Victor Acosta",213.5
"Victor Arias",179.5
"Victor Bericoto",254
"Victor Caratini",234.445169811321
"Victor Cardoza",1
"Victor Celedonio",1
"Victor Diaz",1
"Victor Duarte",1
"Victor Hurtado",1
"Victor Labrada",216
"Victor Leal",1
"Victor Mesa",1
"Victor Mesa Jr",113.2342875
"Victor Mesia",1
"Victor Nova",1
"Victor Ortega",1
"Victor Planchart",1
"Victor Reyes",1
"Victor Robles",493.460943396226
"Victor Rodrigues",1
"Victor Rodriguez",1
"Victor Scott II",432.855773584906
"Victor Torres",1
"Victor Valera",1
"Vidal Brujan",121.645833962264
"Vimael Machin",1
"Vince Fernandez",1
"Vincent Perozo",1
"Vinnie Pasquantino",604.89258490566
"Vinny Capra",83.0685931914894
"Vito Friscia",1
"Vladi Gomez",1
"Vladi Guerrero",1
"Vladimir Asencio",1
"Vladimir Guerrero Jr",671.631018867925
"Wade Meckler",74.3232679245283
"Wade Stauss",64.5
"Wady Mendez",1
"Wagnel Luna",1
"Walker Janek",55
"Walker Jenkins",179
"Walker Martin",1
"Walking Cabrera",1
"Wally Soto",44
"Wander Franco",174.157272727273
"Waner Luciano",1
"Warming Bernabel",242
"Warren Saunders",1
"Welbyn Francisca",1
"Wenceel Perez",386.80220754717
"Wendell Marrero",1
"Wendell Rijo",1
"Werner Blakely",191.5
"Wes Clarke",234.5
"Wes Kath",232.5
"Wesley Zapata",1
"Weston Eberly",67
"Weston Wilson",163.937320754717
"Whit Merrifield",296.252698113208
"Wil Myers",74.475
"Wilber Sanchez",169
"Wilder Dalis",1
"Wilderd Patino",203.5
"Wilfred Veras",282
"Wilfredo Flores",1
"Wilfredo Lara",222
"Wilfri Castro",1
"Wilian Trinidad",1
"Wilkin Grullon",1
"Will Banfield",202.5
"Will Bartlett",1
"Will Benson",203.257566037736
"Will Brennan",277.871716981132
"Will Bush",1
"Will Frizzell",135
"Will Holland",162.5
"Will McGillis",62.5
"Will Robertson",213.5
"Will Simpson",265.5
"Will Smith",505.925471698113
"Will Toffey",1
"Will Verdung",1
"Will Wagner",331.577849056604
"Will Wilson",226
"Willi Castro",580.529396226415
"William Bergolla",174.5
"William Contreras",621.785641509434
"William Lugo",210
"William Simoneit",136.5
"William Sullivan",85
"Williams Wong",1
"Willian Berti",1
"Willie Calhoun",131.925103448276
"Willie Carter",1
"Willie Joe Garry Jr",117.5
"Willie MacIver",178
"Willmer De La Cruz",1
"Willson Contreras",542.922528301887
"Willy Adames",650.634905660377
"Willy Fanas",1
"Willy Montero",1
"Willy Vasquez",223
"Wilman Diaz",1
"Wilmer Difo",169
"Wilmer Feliciano",1
"Wilmer Flores",367.505396226415
"Wilmer Perez",1
"Wilmeyber Penuela",1
"Wilmin Candelario",1
"Wilson Garcia",1
"Wilton Lara",1
"Wilyer Abreu",473.997679245283
"Winder Diaz",1
"Winder Linares",1
"Wladimir Chalo",1
"WonBin Cho",228.5
"Wooyeoul Shin",1
"Wueslly Lespe",1
"Wuilfredo Antunez",196.5
"Wuinder Torres",1
"Wyatt Crenshaw",53
"Wyatt Hendrie",123.5
"Wyatt Hoffman",160.5
"Wyatt Langford",610.449679245283
"Wyatt Mathisen",1
"Wyatt Young",247.5
"Wynton Bernard",195
"Xander Bogaerts",595.913698113208
"Xavier Casserilla",1
"Xavier Edwards",549.598283018868
"Xavier Fernandez",1
"Xavier Guillen",1
"Xavier Isaac",228.5
"Yadimir Fuentes",1
"Yael Romero",1
"Yahil Melendez",1
"Yaikel Mijares",1
"Yainer Diaz",565.598396226415
"Yairo Padilla",1
"Yaisel Ramos",1
"Yamal Encarnacion",177.5
"Yan Contreras",63.5
"Yan Gomes",105.224796226415
"Yancel Guerrero",1
"Yandel Ricardo",1
"Yandy Diaz",627.793320754717
"Yannic Walther",1
"Yanquiel Fernandez",136.059
"Yariell Almanzar",1
"Yasel Antuna",1
"Yasiel Puig",1
"Yasmani Grandal",222.784358490566
"Yasmil Bucce",1
"Yassel Pino",1
"Yassel Soler",1
"Yasser Mercedes",1
"Yaxson Lucena",1
"Yeferson Tineo",1
"Yefri Rivera",1
"Yeiferth Castillo",1
"Yeiker Reyes",1
"Yeiner Fernandez",222.5
"Yeison Morrobel",229
"Yeison Perez",1
"Yeison Santana",1
"Yeison Vargas",1
"Yeisy Celesten",1
"Yelserth Ayala",1
"Yemal Flores",1
"Yemil Rosario",1
"Yenci Pena",1
"Yendry Rojas",1
"Yeniel Laboy",1
"Yensi Reyes",1
"Yensi Rivas",1
"Yeral Martinez",1
"Yerald Nin",1
"Yeremi Cabrera",1
"Yeremi Villahermosa",1
"Yerlin Confidan",1
"Yerlin Luis",1
"Yeudi Advincola",1
"Yeuni Munoz",1
"Yeycol Soriano",1
"Yhoan Escalona",1
"Yhoangel Aponte",1
"Yhoswar Garcia",1
"Yiddi Cappe",207
"Yidel Diaz",1
"Yilber Herrera",1
"Yimmy Diaz",1
"Yimy Tovar",1
"Yirber Ruiz",1
"Yirer Garcia",1
"Ynmanol Marinez",186.5
"Yoan Moncada",417.91258490566
"Yoander Rivero",1
"Yoangel Ramos",1
"Yoeilin Cespedes",1
"Yoelqui Cespedes",1
"Yoerny Junco",1
"Yoffry Solano",1
"Yohairo Cuevas",1
"Yohander Linarez",1
"Yohander Martinez",1
"Yohandy Morales",149.5
"Yohangel Moris",1
"Yohel Pozo",178.5
"Yohendrick Pinango",246
"Yohenny Mata",1
"Yoiber Ocopio",1
"Yoiber Ruiz",1
"Yojackson Laya",1
"Yolbert Sanchez",209.5
"Yolfran Castillo",1
"Yolmer Sanchez",198.5
"Yonatan Henriquez",1
"Yonathan Daza",85.8527272727273
"Yonathan Perlaza",13.7841
"Yonny Hernandez",176.776764705882
"Yophery Rodriguez",1
"Yorberto Mejicano",1
"Yordalin Pena",1
"Yordan Alvarez",598.697490566038
"Yordani Martinez",1
"Yordany De Los Santos",1
"Yordys Valdes",214
"Yorfran John",1
"Yorfran Medina",1
"Yorman Licourt",1
"Yorman Rodriguez",1
"Yorvin Morla",1
"Yorvis Torrealba",1
"Yosander Asencio",1
"Yoshi Tsutsugo",1
"Yosmar Gimenez",1
"Yosmi Fernandez",1
"Yosneiker Rivas",1
"Yosweld Vasquez",1
"Yosy Galan",183
"Yovanny Rodriguez",1
"Yoyner Fajardo",210.5
"Yu Chang",119.503823529412
"Yuli Gurriel",177.823924528302
"Yunior Garcia",134.5
"Yunior Quezada",1
"Yunior Severino",262.5
"Yusniel Diaz",158.5
"Zac Ching",1
"Zac Cook",1
"Zac Fascia",92.5
"Zac Veen",85.1638
"Zach Arnold",186.5
"Zach Britton",263
"Zach Cole",169
"Zach Daniels",171
"Zach Davis",1
"Zach DeLoach",141.3129
"Zach Dezenzo",107.063422641509
"Zach Ehrhard",96
"Zach Green",1
"Zach Humphreys",145.5
"Zach Kokoska",194.5
"Zach Levenson",155
"Zach McKinstry",250.059433962264
"Zach Morgan",169
"Zach Neto",546.520943396226
"Zach Reks",130
"Zach Remillard",103.68116
"Zach Watson",1
"Zach Zubia",166
"Zack Collins",108.905909090909
"Zack Gelof",585.555981132075
"Zack Short",85.2410942857143
"Zavier Warren",213
"Zeus Nunez",1
"Zion Bannister",1
"Zyhir Hope",1
"Óscar Mercado",181
