"name","Bats","predicted_avg","team"
"Miguel Cabrera","R",0.214,NA
"David Peralta","L",0.219,NA
"Carlos Santana","B",0.2203149,"CLE"
"Nelson Cruz","R",0.215,NA
"Manny Pina","R",0.212,NA
"Roberto Perez","R",0.187,NA
"Tommy Pham","R",0.228,"PIT"
"Charlie Culberson","R",0.212,NA
"Anthony Rizzo","L",0.239,NA
"Eric Hosmer","L",0.217,NA
"Michael Brantley","L",0.223,NA
"Joey Votto","L",0.196,NA
"Mike Moustakas","L",0.204,NA
"Jason Heyward","L",0.22278,"SDP"
"Giancarlo Stanton","R",0.18816,"NYY"
"Josh Donaldson","R",0.176,NA
"Justin Turner","R",0.223,NA
"Robbie Grossman","B",0.206,NA
"Sandy Leon","B",0.1965802,"ATL"
"Aaron Hicks","B",0.207,NA
"Brandon Crawford","L",0.193,NA
"Freddie Freeman","L",0.2945,"LAD"
"Jose Altuve","R",0.289,"HOU"
"Ji Man Choi","L",0.199,NA
"Abraham Almonte","B",0.198,NA
"Kyle Higashioka","R",0.20196,"TEX"
"Avisail Garcia","R",0.189,NA
"Wilmer Flores","R",0.238,"SFG"
"Jean Segura","R",0.232,NA
"Eduardo Escobar","B",0.234,NA
"JD Martinez","R",0.195,NA
"Martin Maldonado","R",0.16032,"SDP"
"Salvador Perez","R",0.24624,"KCR"
"Travis d'Arnaud","R",0.2178,"LAA"
"Miguel Rojas","R",0.25284,"LAD"
"Charlie Blackmon","L",0.213,NA
"Matt Carpenter","L",0.194,NA
"Josh Harrison","R",0.195,NA
"Ehire Adrianza","B",0.168,NA
"Donovan Solano","R",0.1989,"SEA"
"Elvis Andrus","R",0.242,NA
"Paul Goldschmidt","R",0.22464,"NYY"
"Starling Marte","R",0.25761,"NYM"
"AJ Pollock","R",0.206,NA
"Evan Longoria","R",0.188,NA
"Yan Gomes","R",0.186,NA
"Christian Vazquez","R",0.21412,"MIN"
"Nolan Arenado","R",0.25132,"STL"
"Andrew McCutchen","R",0.197,"PIT"
"DJ LeMahieu","R",0.23808,"NYY"
"Darin Ruf","R",0.225,NA
"Trayce Thompson","R",0.235,NA
"Christian Bethancourt","R",0.2397,"TOR"
"Chris Owings","R",0.192,NA
"Wil Myers","R",0.207,NA
"Mike Trout","R",0.24057,"LAA"
"Billy Hamilton","B",0.214,NA
"Tucker Barnhart","L",0.1887,"TEX"
"Jose Iglesias","R",0.253,NA
"Randal Grichuk","R",0.25252,"ARI"
"Brandon Belt","L",0.228,NA
"Rafael Ortega","L",0.20748,"NYM"
"Marcell Ozuna","R",0.26112,"ATL"
"Jon Singleton","L",0.21384,"HOU"
"Enrique Hernandez","R",0.20286,"LAD"
"Carlos Perez","R",0.20352,"CHC"
"Rob Brantly","L",0.21293,"MIA"
"Gio Urshela","R",NA,"ATH"
"Corey Dickerson","L",0.208,NA
"Jurickson Profar","B",0.2350856,"ATL"
"Adam Duvall","R",0.191,NA
"Kevin Kiermaier","L",0.221,NA
"Kole Calhoun","L",0.183,NA
"Jonathan Schoop","R",0.213,NA
"Whit Merrifield","R",0.236,NA
"Jake Marisnick","R",0.23052,"ATL"
"Jesus Aguilar","R",0.227,NA
"Yasmani Grandal","B",0.235,NA
"Drew Maggi","R",0.224,NA
"Gary Sanchez","R",0.23816,"BAL"
"Mark Canha","R",0.242,NA
"Christian Yelich","L",0.24645,"MIL"
"Henry Ramos","B",0.241,NA
"Michael A Taylor","R",0.191,"CHW"
"Manny Machado","R",0.27456,"SDP"
"Bryce Harper","L",0.30098,"PHI"
"Willson Contreras","R",0.22248,"STL"
"Brandon Drury","R",0.222,"CHW"
"Elias Diaz","R",0.20736,"SDP"
"Nick Castellanos","R",0.237,"PHI"
"JT Realmuto","R",0.254,"PHI"
"Joc Pederson","L",0.2499,"TEX"
"Hanser Alberto","R",0.227,NA
"Nick Martini","L",0.2622,"COL"
"Jon Berti","R",0.26304,"CHC"
"Niko Goodrum","B",0.1921598,"SDP"
"Juniel Querecuto","B",0.209,NA
"Max Kepler","L",0.25654,"PHI"
"Nick Ahmed","R",0.21582,"TEX"
"Eddie Rosario","L",0.20235,"LAD"
"Austin Barnes","R",0.2058,"LAD"
"Ben Gamel","L",0.20988,"HOU"
"Xander Bogaerts","R",0.26112,"SDP"
"Miguel Sano","R",0.196,NA
"Jorge Alfaro","R",0.16638,"MIL"
"Rougned Odor","L",0.217,NA
"Jace Peterson","L",0.219,NA
"Tommy La Stella","L",0.218,NA
"Taylor Motter","R",0.193,NA
"Kevin Pillar","R",0.214,NA
"Curt Casali","R",0.21114,"ATL"
"Kolten Wong","L",0.237,NA
"Marcus Semien","R",0.26433,"TEX"
"CJ Cron","R",0.223,NA
"Eugenio Suarez","R",0.24931,"ARI"
"Trevor Story","R",0.22472,"BOS"
"Brad Miller","L",0.228,NA
"George Springer","R",0.2448,"TOR"
"James McCann","R",0.22,NA
"Anthony Rendon","R",0.21681,"LAA"
"Francisco Lindor","B",0.2694804,"NYM"
"Brandon Nimmo","L",0.23569,"NYM"
"Austin Hedges","R",0.171,"CLE"
"Michael Perez","L",0.227,NA
"Javier Baez","R",0.21168,"DET"
"Cam Gallagher","R",0.178,NA
"Jackie Bradley Jr","L",0.201,NA
"Teoscar Hernandez","R",0.24598,"LAD"
"Josh Bell","B",0.2478708,"WSN"
"Jorge Polanco","B",0.2121678,"SEA"
"Orlando Arcia","R",0.23358,"ATL"
"Mike Zunino","R",0.192,NA
"Max Muncy","L",0.20995,"LAD"
"Ildemaro Vargas","B",0.2409732,"ARI"
"Jake Lamb","L",0.225,"SFG"
"Omar Narvaez","L",0.22473,"CHW"
"Luke Maile","R",0.2376,"KCR"
"Tyler Naquin","L",0.222,NA
"Christian Walker","R",0.218,"HOU"
"Tom Murphy","R",0.191,"SFG"
"Jose Ramirez","B",0.2871072,"CLE"
"Jesse Winker","L",0.19292,"NYM"
"Patrick Wisdom","R",0.202,NA
"Mookie Betts","R",0.27734,"LAD"
"Ketel Marte","B",0.2801056,"ARI"
"Carson Kelly","R",0.21696,"CHC"
"Jeimer Candelario","B",0.2350856,"CIN"
"Corey Seager","L",0.29784,"TEX"
"Jack Lopez","R",0.1836,"SEA"
"Tyrone Taylor","R",0.21669,"NYM"
"Jacob Stallings","R",0.22736,"COL"
"David Dahl","L",0.213,NA
"Tomas Nido","R",0.20188,"DET"
"Chris Taylor","R",0.19012,"LAD"
"Travis Jankowski","L",0.216,NA
"Rob Refsnyder","R",0.24698,"BOS"
"Matt Reynolds","R",0.217,NA
"Matt Duffy","R",0.231,NA
"Joey Wendle","L",0.204,NA
"Anthony Bemboom","L",0.192,NA
"Tyler Heineman","B",0.2042055,"TOR"
"Eric Haase","R",0.17108,"MIL"
"Joey Gallo","L",0.16434,"CHW"
"Daniel Vogelbach","L",0.23,NA
"Byron Buxton","R",0.24947,"MIN"
"Carlos Correa","R",0.26664,"MIN"
"Andrew Velazquez","R",0.20352,"NYY"
"Jorge Soler","R",0.2178,"LAA"
"Mitch Haniger","R",0.189,"SEA"
"Matt Olson","L",0.26765,"ATL"
"Raimel Tapia","L",0.249,NA
"Joey Meneses","R",0.21762,"NYM"
"Harold Ramirez","R",0.255,NA
"Jake Cave","L",0.219,NA
"Anthony Santander","B",0.244652,"TOR"
"Franmil Reyes","R",0.195,NA
"Franchy Cordero","L",0.22572,"WSN"
"David Bote","R",0.23814,"LAD"
"Harold Castro","L",0.21736,"KCR"
"Manuel Margot","R",0.225,NA
"Yu Chang","R",0.2,NA
"Luke Voit","R",0.216,NA
"Kyle Farmer","R",0.25636,"COL"
"Mike Yastrzemski","L",0.223,"SFG"
"Tony Kemp","L",0.242,NA
"Andrew Knapp","B",0.182,NA
"Johan Camargo","B",0.224,NA
"Victor Caratini","B",0.2433585,"HOU"
"Adam Engel","R",0.22,NA
"Jonathan Davis","R",0.224,NA
"Ryan McMahon","L",0.253,"COL"
"Hunter Dozier","R",0.214,NA
"Tim Locastro","R",0.228,NA
"Trey Mancini","R",0.24075,"ARI"
"Mitch Garver","R",0.1764,"SEA"
"Tim Anderson","R",0.22671,"LAA"
"Jake Bauers","L",0.20646,"MIL"
"Brandon Dixon","R",0.231,NA
"Adam Frazier","L",0.21736,"PIT"
"Austin Wynns","R",0.22134,"CIN"
"Mike Tauchman","L",0.24057,"CHW"
"Garrett Cooper","R",0.24174,"ATL"
"Jeff McNeil","L",0.22204,"NYM"
"Kris Bryant","R",0.22388,"COL"
"Hunter Renfroe","R",0.22788,"KCR"
"JP Crawford","L",0.21749,"SEA"
"Jamie Westbrook","R",0.221,NA
"Amed Rosario","R",0.26235,"WSN"
"Mike Ford","L",0.214,"MIN"
"Aaron Judge","R",0.2928,"NYY"
"Dominic Smith","L",0.20608,"NYY"
"Billy McKinney","L",0.222,NA
"Austin Meadows","L",0.226,NA
"Reese McGuire","L",0.2222,"CHC"
"Jose Abreu","R",0.214,NA
"Rowdy Tellez","L",0.212,NA
"Tyler O'Neill","R",0.21736,"BAL"
"Tyler Wade","L",0.19646,"SDP"
"Yonathan Daza","R",0.218,NA
"Miguel Andujar","R",NA,"ATH"
"Luis Torrens","R",0.20739,"NYM"
"Aledmys Diaz","R",0.186,NA
"Austin Nola","R",0.2378,"COL"
"Clint Frazier","R",0.219,NA
"Willy Adames","R",0.252,"SFG"
"Cody Bellinger","L",0.2484,"NYY"
"Austin Slater","R",0.245,"CHW"
"JD Davis","R",0.22572,"LAA"
"Trea Turner","R",0.283,"PHI"
"Nick Gordon","L",0.21939,"BAL"
"Pablo Reyes","R",0.20832,"NYY"
"Oscar Mercado","R",0.228,NA
"Michael Conforto","L",0.2223,"LAD"
"Francisco Mejia","B",0.225,NA
"Jordan Luplow","R",0.203,NA
"Thairo Estrada","R",0.26216,"COL"
"Christian Arroyo","R",0.219,"PHI"
"Ryan O'Hearn","L",0.25647,"BAL"
"Luis Guillorme","L",0.23661,"HOU"
"Rhys Hoskins","R",0.2021,"MIL"
"Kyle Schwarber","L",0.23937,"PHI"
"Forrest Wall","L",0.20116,"SDP"
"Matt Chapman","R",0.234,"SFG"
"Isiah KinerFalefa","R",0.264,"PIT"
"Mauricio Dubon","R",0.242,"HOU"
"Danny Jansen","R",0.2328,"TBR"
"Ozzie Albies","B",0.2695378,"ATL"
"Connor Joe","R",0.22368,"SDP"
"Yandy Diaz","R",0.2716,"TBR"
"Kevin Padlo","R",0.203,NA
"Luis Urias","R",0.211,NA
"Greg Allen","B",0.26,NA
"Brian O'Keefe","R",0.189,"KCR"
"Jason Vosler","L",0.223,NA
"Jose Trevino","R",0.23868,"CIN"
"Aramis Garcia","R",0.214,"ARI"
"Jonah Heim","B",0.2353533,"TEX"
"Lane Thomas","R",0.22705,"CLE"
"Derek Hill","R",0.20808,"MIA"
"Chadwick Tromp","R",0.21114,"ATL"
"Eddy Alvarez","L",0.21715,"ATL"
"Gleyber Torres","R",0.24206,"DET"
"Edmundo Sosa","R",0.255,"PHI"
"Alex Verdugo","L",0.253,NA
"Jose Herrera","B",0.2090494,"ARI"
"Meibrys Viloria","L",0.204,NA
"Ramon Laureano","R",0.24336,"BAL"
"Chad Wallach","R",0.198,"TEX"
"Yoan Moncada","B",0.2177818,"LAA"
"Jorge Mateo","R",0.234,"BAL"
"Alex Jackson","R",0.20832,"NYY"
"Michael Chavis","R",0.2205,"LAD"
"Cole Tucker","B",0.235,NA
"Willi Castro","B",0.2478151,"MIN"
"Rafael Devers","L",0.28589,"BOS"
"Jose Siri","R",0.19995,"NYM"
"Eloy Jimenez","R",0.24056,"TBR"
"Taylor Ward","R",0.24354,"LAA"
"Myles Straw","R",0.2499,"TOR"
"Alex Bregman","R",0.27136,"BOS"
"Kevin Newman","R",0.24057,"LAA"
"Matt Beaty","L",0.232,NA
"Josh Lester","L",0.201,NA
"DJ Stewart","L",0.22568,"PIT"
"Jakson Reetz","R",0.23529,"NYM"
"Willie Calhoun","L",0.22,NA
"Tyler Nevin","R",0.236,NA
"Andrew Benintendi","L",0.22572,"CHW"
"Brendan Rodgers","R",0.237,NA
"Ian Happ","B",0.2354595,"CHC"
"Isan Diaz","L",0.224,NA
"Cedric Mullins","L",0.2472,"BAL"
"Andrew Stevenson","L",0.211,NA
"Sam Hilliard","L",0.2185,"COL"
"Ty France","R",0.23432,"MIN"
"Tyler Stephenson","R",0.24072,"CIN"
"David Fletcher","R",0.2193,"ATL"
"Paul DeJong","R",0.17721,"WSN"
"Harrison Bader","R",0.24846,"MIN"
"Mark Mathias","R",0.22,NA
"Jake Cronenworth","L",0.2209,"SDP"
"Dylan Moore","R",0.2133,"SEA"
"Sam Haggerty","B",0.2313129,"TEX"
"Kyle Garlick","R",0.211,NA
"Garrett Stubbs","L",0.23432,"PHI"
"Nathan Lukes","L",0.25608,"TOR"
"LaMonte Wade Jr","L",0.245,"SFG"
"Seth Brown","L",NA,"ATH"
"Brett Sullivan","L",0.20304,"SDP"
"Brian Anderson","R",0.229,NA
"Dansby Swanson","R",0.23424,"CHC"
"Edwin Rios","L",0.18685,"CIN"
"Kyle Tucker","L",0.27169,"CHC"
"Daz Cameron","R",0.23296,"BAL"
"Austin Riley","R",0.23868,"ATL"
"Victor Robles","R",0.2349,"SEA"
"Ryan Mountcastle","R",0.2652,"BAL"
"Travis Blankenhorn","L",0.224,NA
"Juan Yepez","R",0.24156,"WSN"
"Ronald Acuna Jr","R",0.26622,"ATL"
"Ali Sanchez","R",0.27132,"TOR"
"Trent Grisham","L",0.2208,"NYY"
"Luis Arraez","L",0.26884,"SDP"
"Ke'Bryan Hayes","R",0.261,"PIT"
"Jared Walsh","L",0.174,NA
"Ramon Urias","R",0.2496,"BAL"
"Andy Ibanez","R",0.22736,"DET"
"Jose Azocar","R",0.2325,"NYM"
"Josh Naylor","L",0.26664,"ARI"
"Jahmai Jones","R",0.2156,"DET"
"Brandon Lowe","L",0.22466,"TBR"
"Seby Zavala","R",0.19928,"BOS"
"Danny Mendick","R",0.247,NA
"Leody Taveras","B",0.2474745,"TEX"
"Estevan Florial","L",0.197,NA
"Zack Collins","L",0.209,NA
"Will Smith","R",0.24206,"LAD"
"Yuli Gurriel","R",0.228,NA
"Taylor Kohlwey","L",0.21,NA
"Lourdes Gurriel Jr","R",0.26964,"ARI"
"Chris Okey","R",0.20874,"LAD"
"Pete Alonso","R",0.23715,"NYM"
"Cavan Biggio","L",0.2288,"KCR"
"Jake Fraley","L",0.26159,"CIN"
"Garrett Hampson","R",0.23647,"ARI"
"Stone Garrett","R",0.27522,"WSN"
"Adolis Garcia","R",0.23067,"TEX"
"Randy Arozarena","R",0.2358,"SEA"
"Armando Alvarez","R",0.24038,"MIN"
"Nick Senzel","R",0.23,"CHW"
"Alex Call","R",0.23265,"WSN"
"Donovan Walton","L",0.21203,"NYM"
"Matt Thaiss","L",0.20493,"CHW"
"Bryan Reynolds","B",0.2813432,"PIT"
"Nicky Lopez","L",0.25048,"CHC"
"Eli White","R",0.24378,"ATL"
"Sean Murphy","R",0.24174,"ATL"
"Luke Raley","L",0.2002,"SEA"
"Weston Wilson","R",0.217,"PHI"
"Austin Hays","R",0.24684,"CIN"
"Trenton Brooks","L",0.21432,"SDP"
"Zach McKinstry","L",0.22374,"DET"
"Brian Serven","R",0.18914,"DET"
"Yonny Hernandez","B",0.187903,"NYM"
"Jake Rogers","R",0.2107,"DET"
"Andruw Monasterio","R",0.21714,"MIL"
"Cooper Hummel","B",0.1400553,"HOU"
"Tommy Edman","B",0.2409349,"LAD"
"Kyle Lewis","R",0.176,NA
"Andrew Knizner","R",0.22671,"WSN"
"TJ Friedl","L",0.25553,"CIN"
"Yordan Alvarez","L",0.30492,"HOU"
"Zack Short","R",0.21,"HOU"
"Nathaniel Lowe","L",0.26136,"WSN"
"Chas McCormick","R",0.231,"HOU"
"Bryan De La Cruz","R",0.24072,"ATL"
"Otto Lopez","R",0.23052,"MIA"
"Keibert Ruiz","B",0.2478708,"WSN"
"Vladimir Guerrero Jr","R",0.29988,"TOR"
"Bo Bichette","R",0.26418,"TOR"
"Brent Rooker","R",NA,"ATH"
"Daniel Johnson","L",0.229,NA
"Mike Brosseau","R",0.20256,"SDP"
"Edward Olivares","R",0.25,NA
"Fernando Tatis Jr","R",0.26304,"SDP"
"Darick Hall","L",0.19656,"PIT"
"Carlos Narvaez","R",0.25334,"BOS"
"Josh Rojas","L",0.22968,"CHW"
"Shohei Ohtani","L",0.29355,"LAD"
"Rylan Bannon","R",0.218,NA
"Dairon Blanco","R",0.23652,"KCR"
"Zach Remillard","R",0.221,NA
"Jhonny Pereda","R",NA,"ATH"
"Jason Delay","R",0.22,"PIT"
"Charles Leblanc","R",0.19788,"ATL"
"Joshua Palacios","L",0.27664,"PIT"
"Chuckie Robinson","R",0.20493,"LAA"
"Cody Thomas","L",0.21828,"TEX"
"Caleb Hamilton","R",0.214,NA
"Abraham Toro","B",0.2413042,"BOS"
"Luis Rengifo","B",0.2509862,"LAA"
"Rene Pinto","R",0.26001,"ARI"
"Riley Adams","R",0.21978,"WSN"
"Drew Ellis","R",0.236,NA
"Tristan Gray","L",0.22869,"CHW"
"Adam Haseley","L",0.225,NA
"Emmanuel Rivera","R",0.25064,"BAL"
"Pavin Smith","L",0.22725,"ARI"
"Connor Wong","R",0.26182,"BOS"
"Gavin Sheets","L",0.18424,"SDP"
"Diego A Castillo","R",0.194,NA
"Sandro Fabian","R",0.251,NA
"Jesus Sanchez","L",0.2782,"MIA"
"Daulton Varsho","L",0.23086,"TOR"
"Blake Perkins","B",0.2127924,"MIL"
"Ryan McKenna","R",0.205,NA
"Luke Williams","R",0.21318,"ATL"
"Cristian Pache","R",0.22149,"ARI"
"Andres Gimenez","L",0.24153,"TOR"
"Josh Lowe","L",0.25098,"TBR"
"Gavin Lux","L",0.25048,"CIN"
"Mickey Moniak","L",0.2134,"LAA"
"Blake Rutherford","L",0.2,NA
"Carter Kieboom","R",0.22077,"LAA"
"Taylor Trammell","L",0.22374,"HOU"
"Eguy Rosario","R",0.20544,"SDP"
"Bobby Dalbec","R",0.211,"CHW"
"Tres Barrera","R",0.20079,"TBR"
"Conner Capel","L",0.22725,"ATL"
"Santiago Espinal","R",0.2244,"CIN"
"Bryce Johnson","B",0.2269228,"PIT"
"Keston Hiura","R",0.19372,"COL"
"Miles Mastrobuoni","L",0.21021,"SEA"
"Isaac Paredes","R",0.251,"HOU"
"Luis Robert Jr","R",0.216,"CHW"
"Bligh Madris","L",0.21087,"DET"
"Alan Trejo","R",0.20295,"TEX"
"Juan Soto","L",0.28574,"NYM"
"Dylan Carlson","B",0.2221595,"BAL"
"Matthew Batten","R",0.228,NA
"Miguel Vargas","R",0.235,"CHW"
"Brandon Marsh","L",0.24745,"PHI"
"Jo Adell","R",0.23562,"LAA"
"Kevin Smith","R",0.205,NA
"Jonathan Arauz","B",0.183,NA
"Ben Rortvedt","L",0.20398,"TBR"
"Jake Meyers","R",0.224,"HOU"
"Corey Julks","R",0.236,"CHW"
"Stuart Fairchild","R",0.22338,"CIN"
"Alex Kirilloff","L",0.233,NA
"Ernie Clement","R",0.25602,"TOR"
"Luis Garcia Jr","L",0.2754,"WSN"
"Jared Young","L",0.2184,"NYM"
"Royce Lewis","R",0.2222,"MIN"
"Brewer Hicklen","R",0.20492,"MIL"
"Jazz Chisholm Jr","L",0.23184,"NYY"
"Irving Lopez","L",0.22,NA
"William Contreras","R",0.282,"MIL"
"Drew Waters","B",0.2201188,"KCR"
"Nick Madrigal","R",0.23436,"NYM"
"Nolan Jones","L",0.24955,"COL"
"Vidal Brujan","B",0.212609,"CHC"
"Jose Miranda","R",0.25149,"MIN"
"Jose Devers","L",0.22826,"ATL"
"Elehuris Montero","R",0.23,NA
"CJ Alexander","L",NA,"ATH"
"Kody Clemens","L",0.23129,"PHI"
"Ivan Herrera","R",0.24102,"STL"
"Logan Porter","R",0.227,"SFG"
"Carlos Perez","R",0.224,NA
"Oscar Gonzalez","R",0.18816,"SDP"
"Leo Rivas","B",0.1913137,"SEA"
"Trey Cabbage","L",0.24,NA
"Alejo Lopez","B",NA,"ATH"
"Sean Bouchard","R",0.27724,"COL"
"Dalton Guthrie","R",0.228,NA
"Lars Nootbaar","L",0.247,"STL"
"Nico Hoerner","R",0.28512,"CHC"
"Brandon Lockridge","R",0.20544,"SDP"
"Luken Baker","R",0.24617,"STL"
"Trevor Larnach","L",0.226,"MIN"
"Jonathan India","R",0.27648,"KCR"
"Joey Bart","R",0.216,"PIT"
"Cal Raleigh","B",0.2366487,"SEA"
"Connor Kaiser","R",0.23433,"ARI"
"Nick Fortes","R",0.23562,"MIA"
"Coco Montes","R",0.16975,"TBR"
"Matt Vierling","R",0.2401,"DET"
"Alfonso Rivas III","L",0.227,NA
"Romy Gonzalez","R",0.2809,"BOS"
"Cesar Salazar","L",0.2277,"HOU"
"Kyle Isbel","L",0.22984,"KCR"
"Alec Bohm","R",0.287,"PHI"
"Jake McCarthy","L",0.22927,"ARI"
"Griffin Conine","L",0.24824,"MIA"
"Nick Maton","L",0.19107,"CHW"
"Jeremy Pena","R",0.249,"HOU"
"Rafael Marchan","B",0.2496616,"PHI"
"Luis De Los Santos","R",0.21483,"NYM"
"Miguel Amaya","R",0.2256,"CHC"
"Oswaldo Cabrera","B",0.2118364,"NYY"
"Oneil Cruz","L",0.2756,"PIT"
"Enmanuel Valdez","L",0.24024,"PIT"
"Jair Camargo","R",0.25452,"MIN"
"Jose Fermin","R",0.26162,"STL"
"Esteury Ruiz","R",NA,"ATH"
"Andres Chaparro","R",0.22176,"WSN"
"Jonathan Aranda","L",0.22278,"TBR"
"Freddy Fermin","R",0.2592,"KCR"
"Will Benson","L",0.22422,"CIN"
"Bo Naylor","L",0.23052,"CLE"
"Jerar Encarnacion","R",0.252,"SFG"
"Christopher Morel","R",0.22019,"TBR"
"Rodolfo Castro","B",0.2104003,"PHI"
"Grant Koch","R",0.227,NA
"Dane Myers","R",0.22746,"MIA"
"Nick Pratto","L",0.21736,"KCR"
"Ryan Vilade","R",0.24514,"STL"
"Akil Baddoo","L",0.23166,"DET"
"Cal Mitchell","L",0.198,"CHW"
"Mark Vientos","R",0.22599,"NYM"
"Brice Turang","L",0.22134,"MIL"
"MJ Melendez","L",0.23504,"KCR"
"Jeter Downs","R",0.226,NA
"Sam Huff","R",0.254,"SFG"
"Luis Campusano","R",0.23712,"SDP"
"Mason McCoy","R",0.2016,"SDP"
"Jack Suwinski","L",0.23296,"PIT"
"Bubba Thompson","R",0.173,NA
"Nolan Gorman","L",0.201,"STL"
"Xavier Edwards","B",0.250733,"MIA"
"Samad Taylor","R",0.216,"SEA"
"Jake Burger","R",0.24849,"TEX"
"Nick Allen","R",0.23562,"ATL"
"Cal Stevenson","L",0.21816,"PHI"
"Taylor Walls","B",0.1918798,"TBR"
"Livan Soto","L",0.25338,"BAL"
"Buddy Kennedy","R",0.239,"PHI"
"Triston Casas","L",0.22148,"BOS"
"Heliot Ramos","R",0.267,"SFG"
"Johnathan Rodriguez","R",0.21375,"CLE"
"Tyler Freeman","R",0.2394,"CLE"
"Lawrence Butler","L",NA,"ATH"
"Michael Siani","L",0.216,"STL"
"Jarred Kelenic","L",0.23028,"ATL"
"Gabriel Arias","R",0.21755,"CLE"
"Alejandro Kirk","R",0.2652,"TOR"
"Jordan Diaz","R",NA,"ATH"
"Gabriel Moreno","R",0.28248,"ARI"
"Gustavo Campero","B",0.205086,"LAA"
"Maikel Garcia","R",0.28404,"KCR"
"Steward Berroa","B",0.226895,"TOR"
"Geraldo Perdomo","B",0.2430328,"ARI"
"Oswald Peraza","R",0.20352,"NYY"
"Alexander Canario","R",0.19488,"CHC"
"Wenceel Perez","B",0.2348346,"DET"
"Tucupita Marcano","L",0.2209,"SDP"
"Lenyn Sosa","R",0.258,"CHW"
"Yainer Diaz","R",0.278,"HOU"
"David Banuelos","R",0.25584,"BAL"
"Canaan SmithNjigba","L",0.201,NA
"Jacob Amaya","R",0.194,"CHW"
"Ryan Noda","L",0.21825,"LAA"
"Nelson Velazquez","R",0.22356,"KCR"
"Hunter Feduccia","L",0.2242,"LAD"
"Jose Barrero","R",0.2163,"STL"
"Eric Wagaman","R",0.23868,"MIA"
"Jose Caballero","R",0.25608,"TBR"
"Luis Vazquez","R",0.14144,"BAL"
"Chandler Seagle","R",0.23154,"ATL"
"Chris Roller","R",0.199,NA
"Davis Schneider","R",0.23256,"TOR"
"Wander Franco","B",0.2526734,"TBR"
"Brayan Rocchio","B",0.2482281,"CLE"
"Jose Tena","L",0.27756,"WSN"
"Everson Pereira","R",0.19584,"NYY"
"Julio Rodriguez","R",0.261,"SEA"
"Ronny Mauricio","B",0.2089848,"NYM"
"Ezequiel Duran","R",0.25344,"TEX"
"Wilyer Abreu","L",0.27346,"BOS"
"Leo Jimenez","R",0.2346,"TOR"
"Jordyn Adams","R",0.24128,"BAL"
"Blaze Alexander","R",0.2461,"ARI"
"Alek Thomas","L",0.24745,"ARI"
"Parker Meadows","L",0.2277,"DET"
"Ji Hwan Bae","L",0.25168,"PIT"
"Jorge Barrosa","B",0.2347944,"ARI"
"Osleivis Basabe","R",0.231,"SFG"
"Curtis Mead","R",0.22019,"TBR"
"Ezequiel Tovar","R",0.2552,"COL"
"Jhonkensy Noel","R",0.1919,"CLE"
"Ceddanne Rafaela","R",0.25016,"BOS"
"Liover Peguero","R",0.22,"PIT"
"Johan Rojas","R",0.227,"PHI"
"Terrin Vavra","L",0.23484,"BAL"
"JP Martinez","L",0.186,NA
"Tyler Cropley","R",0.209,NA
"Max Schuemann","R",NA,"ATH"
"DaShawn Keirsey Jr","L",0.2,"MIN"
"Richie Palacios","L",0.21338,"TBR"
"Jonathan Ornelas","R",0.26334,"TEX"
"Addison Barger","L",0.22213,"TOR"
"Michael Helman","R",0.23587,"STL"
"Steven Kwan","L",0.26826,"CLE"
"Jarren Duran","L",0.27346,"BOS"
"Ryan Jeffers","R",0.22927,"MIN"
"Owen Miller","R",0.27724,"COL"
"Brendan Donovan","L",0.269,"STL"
"Jonah Bride","R",0.2142,"MIA"
"Logan O'Hoppe","R",0.23562,"LAA"
"Mickey Gasper","B",0.2267458,"MIN"
"James Outman","L",0.20045,"LAD"
"David Villar","R",0.22,"SFG"
"Andy Pages","R",0.22344,"LAD"
"David Fry","R",0.2318,"CLE"
"Vinny Capra","R",0.17014,"MIL"
"Nate Eaton","R",0.21836,"BOS"
"David Hensley","R",0.22638,"DET"
"Levi Jordan","R",0.21522,"CIN"
"Daniel Schneemann","L",0.22338,"CLE"
"Endy Rodriguez","B",0.2371908,"PIT"
"Michael Stefanic","R",0.2346,"TOR"
"Austin Shenton","L",0.2093,"SEA"
"Greg Jones","B",0.2721788,"COL"
"Peyton Burdick","R",0.218,NA
"Logan Driscoll","L",0.2256,"TBR"
"Cam Eden","R",0.1968,"NYY"
"Isaac Collins","B",0.1819935,"MIL"
"Brenton Doyle","R",0.28188,"COL"
"TJ Hopkins","R",0.22148,"DET"
"Nick Sogard","B",0.2501594,"BOS"
"Joey Ortiz","R",0.21808,"MIL"
"Cade Marlowe","L",0.22659,"SEA"
"Aaron Schunk","R",0.27376,"COL"
"Korey Lee","R",0.211,"CHW"
"Jake Alu","L",0.222,NA
"Kyle McCann","L",NA,"ATH"
"Marco Luciano","R",0.234,"SFG"
"Bryan Ramos","R",0.245,"CHW"
"Drew Millas","B",0.2289654,"WSN"
"Will Brennan","L",0.25602,"CLE"
"Grant McCray","L",0.202,"SFG"
"Dustin Harris","L",0.24582,"TEX"
"Bobby Witt Jr","R",0.31536,"KCR"
"CJ Abrams","L",0.27108,"WSN"
"Pedro Pages","R",0.2369,"STL"
"Blake Sabol","L",0.2712,"BOS"
"Jared Triolo","R",0.226,"PIT"
"Grae Kessinger","R",0.22898,"ARI"
"Shea Langeliers","R",NA,"ATH"
"Braden Shewmake","L",0.18952,"NYY"
"Andre Lipcius","R",0.229,"CHW"
"Michael Toglia","B",0.2283534,"COL"
"Ryan Kreidler","R",0.20678,"DET"
"Corbin Carroll","L",0.26462,"ARI"
"Michael Harris II","L",0.26866,"ATL"
"Kerry Carpenter","L",0.23958,"DET"
"Orelvis Martinez","R",0.23154,"TOR"
"Kevin Alcantara","R",0.2016,"CHC"
"Riley Greene","L",0.26334,"DET"
"Nasim Nunez","B",0.2384181,"WSN"
"Vaughn Grissom","R",0.24486,"BOS"
"Francisco Alvarez","R",0.22599,"NYM"
"Brett Baty","L",0.21567,"NYM"
"Dominic Fletcher","L",0.25443,"CHW"
"Kyle Stowers","L",0.24075,"MIA"
"Andrew Vaughn","R",0.239,"CHW"
"Tyler Fitzgerald","R",0.21,"SFG"
"Darell Hernaiz","R",NA,"ATH"
"Adley Rutschman","B",0.268658,"BAL"
"Gunnar Henderson","L",0.27398,"BAL"
"Bryson Stott","L",0.27169,"PHI"
"Oliver Dunn","L",0.21018,"MIL"
"Josh Jung","R",0.24552,"TEX"
"Michael Busch","L",0.23937,"CHC"
"Spencer Steer","R",0.2499,"CIN"
"Jonny DeLuca","R",0.22795,"TBR"
"JJ Bleday","L",NA,"ATH"
"Kameron Misner","L",0.24158,"TBR"
"Josh Smith","L",0.2346,"TEX"
"Kyren Paris","R",0.2079,"LAA"
"Dominic Canzone","L",0.21294,"SEA"
"Matt Wallner","L",0.206,"MIN"
"Luis Matos","R",0.257,"SFG"
"Davis Wendzel","R",0.2295,"CIN"
"Spencer Horwitz","L",0.26312,"PIT"
"Noelvi Marte","R",0.25296,"CIN"
"Angel Martinez","B",0.2143335,"CLE"
"Luisangel Acuna","R",0.2697,"NYM"
"Jonatan Clase","B",0.222949,"TOR"
"Elly De La Cruz","B",0.253325,"CIN"
"Austin Martin","R",0.21816,"MIN"
"Dillon Dingler","R",0.22442,"DET"
"Spencer Torkelson","R",0.19698,"DET"
"Tyler Soderstrom","L",NA,"ATH"
"Zach DeLoach","L",0.23463,"CHW"
"Jordan Walker","R",0.25544,"STL"
"Patrick Bailey","B",0.245,"SFG"
"Masyn Winn","R",0.23484,"STL"
"Nick Gonzales","R",0.251,"PIT"
"Rece Hinds","R",0.2193,"CIN"
"Justin Foscue","R",0.20097,"TEX"
"Nick Yorke","R",0.246,"PIT"
"HaSeong Kim","R",0.23086,"TBR"
"David Hamilton","L",0.24408,"BOS"
"Edouard Julien","L",0.233,"MIN"
"Duke Ellis","L",0.17572,"NYY"
"Garrett Mitchell","L",0.19623,"MIL"
"Austin Wells","L",0.20516,"NYY"
"Casey Schmitt","R",0.224,"SFG"
"Jacob Hurtubise","L",0.23432,"CIN"
"Alika Williams","R",0.217,"PIT"
"Alec Burleson","L",0.252,"STL"
"Nick Loftin","R",0.26568,"KCR"
"Anthony Volpe","R",0.23424,"NYY"
"Vinnie Pasquantino","L",0.27352,"KCR"
"Michael Massey","L",0.25688,"KCR"
"Joey Wiemer","R",0.20196,"KCR"
"Eric Yang","R",0.2091,"CIN"
"Brett Wisely","L",0.206,"SFG"
"Drew Romo","B",0.2318133,"COL"
"Pete CrowArmstrong","L",0.19392,"CHC"
"Pedro Leon","R",0.196,"HOU"
"Tyler Gentry","R",0.243,"KCR"
"Shay Whitcomb","R",0.204,"HOU"
"Evan Carter","L",0.24072,"TEX"
"Jordan Westburg","R",0.2548,"BAL"
"Matt Mervis","L",0.22256,"MIA"
"Thomas Saggese","R",0.24823,"STL"
"Colt Keith","L",0.24057,"DET"
"Adael Amador","B",0.2387331,"COL"
"Jasson Dominguez","B",0.2211684,"NYY"
"Junior Caminero","R",0.22698,"TBR"
"Javier Sanoja","R",0.24174,"MIA"
"Coby Mayo","R",0.20696,"BAL"
"Jackson Chourio","R",0.25756,"MIL"
"Blake Dunn","R",0.24072,"CIN"
"Jackson Merrill","L",0.25098,"SDP"
"James Wood","L",0.25164,"WSN"
"Bryce Teodosio","R",0.22968,"LAA"
"Ryan Bliss","R",0.1917,"SEA"
"Adrian Del Castillo","L",0.23735,"ARI"
"Billy Cook","R",0.226,"PIT"
"Trey Sweeney","L",0.23958,"DET"
"Ben Rice","L",0.1932,"NYY"
"Colton Cowser","L",0.25029,"BAL"
"Connor Norby","R",0.21114,"MIA"
"JustynHenry Malloy","R",0.20286,"DET"
"Henry Davis","R",0.238,"PIT"
"Sal Frelick","L",0.23529,"MIL"
"Joey Loperfido","L",0.22019,"TOR"
"Will Wagner","L",0.23862,"TOR"
"Matt McLain","R",0.24786,"CIN"
"Hunter Goodman","R",0.24592,"COL"
"Zack Gelof","R",NA,"ATH"
"Niko Kavadas","L",0.20564,"LAA"
"Brett Harris","R",NA,"ATH"
"Kyle Manzardo","L",0.2448,"CLE"
"Darren Baker","L",0.25056,"WSN"
"Jacob Young","R",0.2277,"WSN"
"Tyler Black","L",0.22134,"MIL"
"Jordan Lawlar","R",0.23005,"ARI"
"Christian EncarnacionStrand","R",0.2448,"CIN"
"Seiya Suzuki","R",0.25248,"CHC"
"Oscar Colas","L",0.22473,"CHW"
"Heston Kjerstad","L",0.24514,"BAL"
"Zach Neto","R",0.24552,"LAA"
"Victor Scott II","L",0.22,"STL"
"Graham Pauley","L",0.2354,"MIA"
"Brooks Baldwin","B",0.2224992,"CHW"
"Tyler Locklear","R",0.1899,"SEA"
"Jordan Beck","R",0.25984,"COL"
"Jace Jung","L",0.2277,"DET"
"Wade Meckler","L",0.242,"SFG"
"Zach Dezenzo","R",0.242,"HOU"
"Trey Lipscomb","R",0.23958,"WSN"
"Brooks Lee","B",0.230759,"MIN"
"Nacho Alvarez Jr","R",0.204,"ATL"
"Jackson Holliday","L",0.23381,"BAL"
"Masataka Yoshida","L",0.2712,"BOS"
"Nolan Schanuel","L",0.25123,"LAA"
"Jacob Wilson","R",NA,"ATH"
"Wyatt Langford","R",0.2475,"TEX"
"Dylan Crews","R",0.25344,"WSN"
"Jung Hoo Lee","L",0.265,"SFG"
